Year,Month,GlobalTemp,Methane,CO2,SeaLevel
1880,1,-0.16,800,290,0.78681154
1880,2,-0.18,800.6769631,290.0000959,7.028849756
1880,3,-0.1,801.3539263,290.0001919,10.59572874
1880,4,-0.14,802.0308894,290.0002878,13.795429
1880,5,-0.07,802.7078526,290.0003838,13.53315849
1880,6,-0.2,803.3848157,290.0004797,13.06107156
1880,7,-0.22,804.0617788,290.0005757,13.06107156
1880,8,-0.13,804.738742,290.0006716,11.9070813
1880,9,-0.16,805.4157051,290.0007676,13.42825028
1880,10,-0.29,806.0926683,290.0008635,17.93930311
1880,11,-0.18,806.7696314,290.0009595,20.98164106
1880,12,-0.17,807.4465946,290.0010554,26.12214312
1881,1,-0.14,808.1235577,290.0011514,25.23042338
1881,2,-0.16,808.8005208,290.0012473,23.76170851
1881,3,-0.06,809.477484,290.0013433,20.61446235
1881,4,-0.01,810.1544471,290.0014392,17.51967029
1881,5,0,810.8314103,290.0015352,16.94267516
1881,6,-0.19,811.5083734,290.0016311,15.89359311
1881,7,-0.08,812.1853365,290.0017271,19.30310978
1881,8,-0.05,812.8622997,290.001823,17.36230798
1881,9,-0.17,813.5392628,290.001919,14.94941926
1881,10,-0.26,814.216226,290.0020149,9.966279505
1881,11,-0.26,814.8931891,290.0021109,8.707381042
1881,12,-0.09,815.5701522,290.0022068,7.658298988
1882,1,0.15,816.2471154,290.0023028,8.759835144
1882,2,0.05,816.9240785,290.0023987,11.8021731
1882,3,-0.03,817.6010417,290.0024947,13.48070438
1882,4,-0.18,818.2780048,290.0025906,12.53653054
1882,5,-0.19,818.9549679,290.0026866,10.49082053
1882,6,-0.21,819.6319311,290.0027825,10.12364181
1882,7,-0.18,820.3088942,290.0028785,9.022105658
1882,8,-0.07,820.9858574,290.0029744,8.130385912
1882,9,-0.11,821.6628205,290.0030704,5.035593855
1882,10,-0.28,822.3397837,290.0031663,1.57362308
1882,11,-0.22,823.0167468,290.0032623,1.049082053
1882,12,-0.24,823.6937099,290.0033582,0
1883,1,-0.32,824.3706731,290.0034542,2.412888722
1883,2,-0.34,825.0476362,290.0035501,2.36043462
1883,3,-0.17,825.7245994,290.0036461,6.346946422
1883,4,-0.18,826.4015625,290.003742,6.399400525
1883,5,-0.16,827.0785256,290.003838,10.75309105
1883,6,-0.16,827.7554888,290.0039339,10.96290746
1883,7,-0.11,828.4324519,290.0040299,12.27426002
1883,8,-0.16,829.1094151,290.0041258,11.8021731
1883,9,-0.28,829.7863782,290.0042217,13.21843387
1883,10,-0.24,830.4633413,290.0043177,13.795429
1883,11,-0.28,831.1403045,290.0044136,16.41813413
1883,12,-0.23,831.8172676,290.0045096,18.56875234
1884,1,-0.16,832.4942308,290.0046055,22.03072312
1884,2,-0.2,833.1711939,290.0047015,23.6043462
1884,3,-0.3,833.8481571,290.0047974,24.91569876
1884,4,-0.35,834.5251202,290.0048934,25.85987261
1884,5,-0.31,835.2020833,290.0049893,25.44023979
1884,6,-0.32,835.8790465,290.0050853,23.34207568
1884,7,-0.36,836.5560096,290.0051812,21.6110903
1884,8,-0.31,837.2329728,290.0052772,19.7751967
1884,9,-0.31,837.9099359,290.0053731,17.88684901
1884,10,-0.3,838.586899,290.0054691,17.88684901
1884,11,-0.41,839.2638622,290.005565,15.99850131
1884,12,-0.33,839.9408253,290.005661,18.14911952
1885,1,-0.58,840.6177885,290.0057569,16.47058824
1885,2,-0.36,841.2947516,290.0058529,18.98838516
1885,3,-0.27,841.9717147,290.0059488,20.56200824
1885,4,-0.37,842.6486779,290.0060448,21.92581491
1885,5,-0.4,843.325641,290.0061407,21.7159985
1885,6,-0.37,844.0026042,290.0062367,21.92581491
1885,7,-0.37,844.6795673,290.0063326,18.93593106
1885,8,-0.31,845.3565304,290.0064286,21.6635444
1885,9,-0.28,846.0334936,290.0065245,19.93255901
1885,10,-0.28,846.7104567,290.0066205,22.71262645
1885,11,-0.22,847.3874199,290.0067164,21.6110903
1885,12,-0.09,848.064383,290.0068124,20.66691645
1886,1,-0.3,848.7413462,290.0069083,19.51292619
1886,2,-0.31,849.4183093,290.0070043,16.94267516
1886,3,-0.27,850.0952724,290.0071002,19.7751967
1886,4,-0.2,850.7722356,290.0071962,22.29299363
1886,5,-0.21,851.4491987,290.0072921,26.12214312
1886,6,-0.27,852.1261619,290.0073881,25.75496441
1886,7,-0.21,852.803125,290.007484,22.92244286
1886,8,-0.29,853.4800881,290.00758,19.30310978
1886,9,-0.27,854.1570513,290.0076759,15.42150618
1886,10,-0.21,854.8340144,290.0077719,15.36905208
1886,11,-0.25,855.5109776,290.0078678,13.95279131
1886,12,-0.27,856.1879407,290.0079638,15.05432746
1887,1,-0.53,856.8649038,290.0080597,11.69726489
1887,2,-0.42,857.541867,290.0081557,9.808917197
1887,3,-0.27,858.2188301,290.0082516,11.33008617
1887,4,-0.28,858.8957933,290.0083475,13.48070438
1887,5,-0.27,859.5727564,290.0084435,17.10003747
1887,6,-0.25,860.2497196,290.0085394,19.61783439
1887,7,-0.29,860.9266827,290.0086354,19.51292619
1887,8,-0.34,861.6036458,290.0087313,19.40801798
1887,9,-0.19,862.280609,290.0088273,17.7819408
1887,10,-0.34,862.9575721,290.0089232,19.40801798
1887,11,-0.26,863.6345353,290.0090192,18.72611465
1887,12,-0.26,864.3114984,290.0091151,19.14574747
1888,1,-0.3,864.9884615,290.0092111,15.31659798
1888,2,-0.33,865.6654247,290.009307,15.15923567
1888,3,-0.34,866.3423878,290.009403,15.47396028
1888,4,-0.19,867.019351,290.0094989,15.36905208
1888,5,-0.16,867.6963141,290.0095949,15.89359311
1888,6,-0.12,868.3732772,290.0096908,17.25739978
1888,7,-0.12,869.0502404,290.0097868,18.62120644
1888,8,-0.19,869.7272035,290.0098827,18.88347696
1888,9,-0.15,870.4041667,290.0099787,17.30985388
1888,10,-0.05,871.0811298,290.0100746,20.71937055
1888,11,-0.07,871.7580929,290.0101706,20.19482952
1888,12,-0.05,872.4350561,290.0102665,20.19482952
1889,1,-0.05,873.1120192,290.0103625,17.51967029
1889,2,0.09,873.7889824,290.0104584,19.46047209
1889,3,0.05,874.4659455,290.0105544,21.08654927
1889,4,0.04,875.1429087,290.0106503,20.71937055
1889,5,0.01,875.8198718,290.0107463,20.24728363
1889,6,-0.03,876.4968349,290.0108422,20.29973773
1889,7,-0.07,877.1737981,290.0109382,19.6702885
1889,8,-0.12,877.8507612,290.0110341,19.35556388
1889,9,-0.18,878.5277244,290.0111301,17.41476208
1889,10,-0.24,879.2046875,290.011226,16.10340952
1889,11,-0.29,879.8816506,290.011322,14.11015362
1889,12,-0.2,880.5586138,290.0114179,14.31997003
1890,1,-0.36,881.2355769,290.0115139,16.89022106
1890,2,-0.27,881.9125401,290.0116098,17.36230798
1890,3,-0.23,882.5895032,290.0117058,23.34207568
1890,4,-0.22,883.2664663,290.0118017,24.33870363
1890,5,-0.26,883.9434295,290.0118977,25.80741851
1890,6,-0.21,884.6203926,290.0119936,23.23716748
1890,7,-0.24,885.2973558,290.0120896,21.13900337
1890,8,-0.33,885.9743189,290.0121855,19.25065568
1890,9,-0.27,886.6512821,290.0122814,18.41139003
1890,10,-0.31,887.3282452,290.0123774,17.15249157
1890,11,-0.44,888.0052083,290.0124733,15.00187336
1890,12,-0.23,888.6821715,290.0125693,10.80554515
1891,1,-0.28,889.3591346,290.0126652,11.33008617
1891,2,-0.35,890.0360978,290.0127612,10.80554515
1891,3,-0.21,890.7130609,290.0128571,19.09329337
1891,4,-0.21,891.390024,290.0129531,17.6770326
1891,5,-0.1,892.0669872,290.013049,20.50955414
1891,6,-0.14,892.7439503,290.013145,18.93593106
1891,7,-0.13,893.4209135,290.0132409,21.34881978
1891,8,-0.15,894.0978766,290.0133369,22.18808543
1891,9,-0.11,894.7748397,290.0134328,21.6635444
1891,10,-0.23,895.4518029,290.0135288,20.98164106
1891,11,-0.31,896.128766,290.0136247,19.04083927
1891,12,-0.06,896.8057292,290.0137207,18.72611465
1892,1,-0.21,897.4826923,290.0138166,20.29973773
1892,2,-0.14,898.1596554,290.0139126,23.7092544
1892,3,-0.27,898.8366186,290.0140085,23.44698389
1892,4,-0.22,899.5135817,290.0141045,24.07643312
1892,5,-0.17,900.1905449,290.0142004,21.7159985
1892,6,-0.19,900.867508,290.0142964,22.50281004
1892,7,-0.3,901.5444712,290.0143923,20.29973773
1892,8,-0.27,902.2214343,290.0144883,19.88010491
1892,9,-0.16,902.8983974,290.0145842,17.20494567
1892,10,-0.23,903.5753606,290.0146802,17.30985388
1892,11,-0.37,904.2523237,290.0147761,14.79205695
1892,12,-0.48,904.9292869,290.0148721,16.83776695
1893,1,-0.68,905.60625,290.014968,19.40801798
1893,2,-0.58,906.2832131,290.015064,21.34881978
1893,3,-0.29,906.9601763,290.0151599,25.07306107
1893,4,-0.24,907.6371394,290.0152559,24.44361184
1893,5,-0.31,908.3141026,290.0153518,23.76170851
1893,6,-0.2,908.9910657,290.0154478,23.07980517
1893,7,-0.21,909.6680288,290.0155437,22.97489697
1893,8,-0.28,910.344992,290.0156397,23.86661671
1893,9,-0.29,911.0219551,290.0157356,23.86661671
1893,10,-0.26,911.6989183,290.0158316,23.02735107
1893,11,-0.25,912.3758814,290.0159275,20.66691645
1893,12,-0.29,913.0528446,290.0160235,20.40464593
1894,1,-0.36,913.7298077,290.0161194,18.93593106
1894,2,-0.16,914.4067708,290.0162154,19.40801798
1894,3,-0.16,915.083734,290.0163113,18.14911952
1894,4,-0.31,915.7606971,290.0164072,18.67366055
1894,5,-0.21,916.4376603,290.0165032,16.99512926
1894,6,-0.29,917.1146234,290.0165991,16.68040465
1894,7,-0.2,917.7915865,290.0166951,15.7362308
1894,8,-0.22,918.4685497,290.016791,15.63132259
1894,9,-0.24,919.1455128,290.016887,14.11015362
1894,10,-0.28,919.822476,290.0169829,16.36568003
1894,11,-0.26,920.4994391,290.0170789,17.36230798
1894,12,-0.2,921.1764022,290.0171748,22.92244286
1895,1,-0.35,921.8533654,290.0172708,23.91907081
1895,2,-0.37,922.5303285,290.0173667,26.01723492
1895,3,-0.32,923.2072917,290.0174627,23.34207568
1895,4,-0.2,923.8842548,290.0175586,22.60771825
1895,5,-0.19,924.5612179,290.0176546,19.14574747
1895,6,-0.18,925.2381811,290.0177505,22.13563132
1895,7,-0.16,925.9151442,290.0178465,22.81753466
1895,8,-0.15,926.5921074,290.0179424,24.70588235
1895,9,-0.1,927.2690705,290.0180384,23.6568003
1895,10,-0.12,927.9460337,290.0181343,27.38104159
1895,11,-0.15,928.6229968,290.0182303,25.545148
1895,12,-0.08,929.2999599,290.0183262,23.97152492
1896,1,-0.16,929.9769231,290.0184222,18.93593106
1896,2,-0.05,930.6538862,290.0185181,13.69052079
1896,3,-0.17,931.3308494,290.0186141,15.26414387
1896,4,-0.13,932.0078125,290.01871,17.88684901
1896,5,-0.06,932.6847756,290.018806,21.19145747
1896,6,-0.07,933.3617388,290.0189019,25.80741851
1896,7,-0.01,934.0387019,290.0189979,24.39115774
1896,8,-0.04,934.7156651,290.0190938,23.91907081
1896,9,-0.02,935.3926282,290.0191898,21.13900337
1896,10,0.03,936.0695913,290.0192857,19.7227426
1896,11,-0.08,936.7465545,290.0193817,18.25402773
1896,12,0,937.4235176,290.0194776,16.99512926
1897,1,-0.07,938.1004808,290.0195736,18.35893593
1897,2,-0.11,938.7774439,290.0196695,18.20157362
1897,3,-0.15,939.4544071,290.0197655,21.29636568
1897,4,0.08,940.1313702,290.0198614,22.18808543
1897,5,0.1,940.8083333,290.0199574,27.22367928
1897,6,-0.11,941.4852965,290.0200533,28.16785313
1897,7,-0.05,942.1622596,290.0201493,30.10865493
1897,8,-0.05,942.8392228,290.0202452,28.69239416
1897,9,-0.05,943.5161859,290.0203412,25.17796928
1897,10,-0.1,944.193149,290.0204371,21.50618209
1897,11,-0.19,944.8701122,290.020533,13.8478831
1897,12,-0.2,945.5470753,290.020629,15.21168977
1898,1,-0.01,946.2240385,290.0207249,18.62120644
1898,2,-0.22,946.9010016,290.0208209,26.22705133
1898,3,-0.48,947.5779647,290.0209168,30.37092544
1898,4,-0.26,948.2549279,290.0210128,31.26264519
1898,5,-0.21,948.931891,290.0211087,31.94454852
1898,6,-0.15,949.6088542,290.0212047,28.74484826
1898,7,-0.18,950.2858173,290.0213006,26.80404646
1898,8,-0.22,950.9627804,290.0213966,23.6043462
1898,9,-0.23,951.6397436,290.0214925,24.70588235
1898,10,-0.37,952.3167067,290.0215885,27.38104159
1898,11,-0.34,952.9936699,290.0216844,29.42675159
1898,12,-0.16,953.670633,290.0217804,30.00374672
1899,1,-0.24,954.3475962,290.0218763,30.31847134
1899,2,-0.31,955.0245593,290.0219723,29.11202698
1899,3,-0.31,955.7015224,290.0220682,29.636568
1899,4,-0.23,956.3784856,290.0221642,31.21019108
1899,5,-0.19,957.0554487,290.0222601,29.68902211
1899,6,-0.23,957.7324119,290.0223561,29.32184339
1899,7,-0.11,958.409375,290.022452,27.590858
1899,8,-0.04,959.0863381,290.022548,30.79055826
1899,9,-0.02,959.7633013,290.0226439,33.78044211
1899,10,-0.08,960.4402644,290.0227399,36.82278007
1899,11,0,961.1172276,290.0228358,35.35406519
1899,12,-0.27,961.7941907,290.0229318,32.52154365
1900,1,-0.31,962.4711538,290.0230277,29.16448108
1900,2,-0.17,963.148117,290.0231237,28.16785313
1900,3,-0.03,963.8250801,290.0232196,28.84975646
1900,4,-0.04,964.5020433,290.0233156,28.69239416
1900,5,-0.06,965.1790064,290.0234115,30.00374672
1900,6,-0.08,965.8559696,290.0235075,29.5316598
1900,7,-0.11,966.5329327,290.0236034,28.32521544
1900,8,-0.07,967.2098958,290.0236994,29.26938928
1900,9,-0.06,967.886859,290.0237953,25.91232671
1900,10,0.04,968.5638221,290.0238913,28.48257774
1900,11,-0.08,969.2407853,290.0239872,27.48594979
1900,12,-0.06,969.9177484,290.0240832,28.53503185
1901,1,-0.13,970.5947115,290.0241791,27.11877108
1901,2,-0.09,971.2716747,290.0242751,26.12214312
1901,3,0.02,971.9486378,290.024371,25.96478082
1901,4,-0.01,972.625601,290.024467,28.06294492
1901,5,-0.09,973.3025641,290.0245629,25.96478082
1901,6,-0.09,973.9795272,290.0246588,26.64668415
1901,7,-0.09,974.6564904,290.0247548,25.33533158
1901,8,-0.15,975.3334535,290.0248507,28.06294492
1901,9,-0.19,976.0104167,290.0249467,30.16110903
1901,10,-0.28,976.6873798,290.0250426,31.68227801
1901,11,-0.22,977.3643429,290.0251386,32.46908955
1901,12,-0.38,978.0413061,290.0252345,32.10191083
1902,1,-0.18,978.7182692,290.0253305,32.46908955
1902,2,-0.05,979.3952324,290.0254264,32.73136006
1902,3,-0.27,980.0721955,290.0255224,32.10191083
1902,4,-0.28,980.7491587,290.0256183,29.636568
1902,5,-0.28,981.4261218,290.0257143,27.38104159
1902,6,-0.27,982.1030849,290.0258102,27.06631697
1902,7,-0.24,982.7800481,290.0259062,27.6957662
1902,8,-0.24,983.4570112,290.0260021,29.74147621
1902,9,-0.23,984.1339744,290.0260981,31.5249157
1902,10,-0.29,984.8109375,290.026194,32.88872237
1902,11,-0.32,985.4879006,290.02629,33.15099288
1902,12,-0.27,986.1648638,290.0263859,32.36418134
1903,1,-0.16,986.8418269,290.0264819,33.20344698
1903,2,-0.04,987.5187901,290.0265778,32.94117647
1903,3,-0.17,988.1957532,290.0266738,36.45560135
1903,4,-0.31,988.8727163,290.0267697,38.92094417
1903,5,-0.33,989.5496795,290.0268657,39.18321469
1903,6,-0.31,990.2266426,290.0269616,38.76358187
1903,7,-0.32,990.9036058,290.0270576,35.82615212
1903,8,-0.41,991.5805689,290.0271535,34.09516673
1903,9,-0.42,992.2575321,290.0272495,31.94454852
1903,10,-0.48,992.9344952,290.0273454,33.5181716
1903,11,-0.47,993.6114583,290.0274414,31.6298239
1903,12,-0.46,994.2884215,290.0275373,33.04608468
1904,1,-0.49,994.9653846,290.0276333,30.73810416
1904,2,-0.54,995.6423478,290.0277292,34.77707006
1904,3,-0.54,996.3193109,290.0278252,32.31172724
1904,4,-0.47,996.996274,290.0279211,32.10191083
1904,5,-0.46,997.6732372,290.0280171,29.4792057
1904,6,-0.41,998.3502003,290.028113,30.37092544
1904,7,-0.45,999.0271635,290.028209,28.48257774
1904,8,-0.42,999.7041266,290.0283049,27.95803672
1904,9,-0.49,1000.38109,290.0284009,27.22367928
1904,10,-0.35,1001.058053,290.0284968,27.74822031
1904,11,-0.26,1001.735016,290.0285928,27.38104159
1904,12,-0.35,1002.411979,290.0286887,26.06968902
1905,1,-0.27,1003.088942,290.0287846,24.39115774
1905,2,-0.45,1003.765905,290.0288806,23.28962158
1905,3,-0.37,1004.442869,290.0289765,23.55189209
1905,4,-0.42,1005.119832,290.0290725,24.33870363
1905,5,-0.25,1005.796795,290.0291684,25.44023979
1905,6,-0.2,1006.473758,290.0292644,26.27950543
1905,7,-0.18,1007.150721,290.0293603,27.5384039
1905,8,-0.23,1007.827684,290.0294563,29.5841139
1905,9,-0.21,1008.504647,290.0295522,31.00037467
1905,10,-0.23,1009.181611,290.0296482,29.84638441
1905,11,-0.09,1009.858574,290.0297441,28.22030723
1905,12,-0.09,1010.535537,290.0298401,26.06968902
1906,1,-0.21,1011.2125,290.029936,27.6433121
1906,2,-0.21,1011.889463,290.030032,28.84975646
1906,3,-0.2,1012.566426,290.0301279,29.5841139
1906,4,-0.1,1013.243389,290.0302239,29.16448108
1906,5,-0.21,1013.920353,290.0303198,30.94792057
1906,6,-0.16,1014.597316,290.0304158,31.68227801
1906,7,-0.21,1015.274279,290.0305117,32.62645185
1906,8,-0.21,1015.951242,290.0306077,31.00037467
1906,9,-0.27,1016.628205,290.0307036,31.26264519
1906,10,-0.21,1017.305168,290.0307996,30.84301236
1906,11,-0.35,1017.982131,290.0308955,29.84638441
1906,12,-0.19,1018.659095,290.0309915,29.21693518
1907,1,-0.37,1019.336058,290.0310874,28.84975646
1907,2,-0.4,1020.013021,290.0311834,30.47583365
1907,3,-0.25,1020.689984,290.0312793,31.10528288
1907,4,-0.3,1021.366947,290.0313753,32.36418134
1907,5,-0.39,1022.04391,290.0314712,31.15773698
1907,6,-0.32,1022.720873,290.0315672,32.15436493
1907,7,-0.35,1023.397837,290.0316631,30.47583365
1907,8,-0.31,1024.0748,290.0317591,31.83964031
1907,9,-0.32,1024.751763,290.031855,27.6957662
1907,10,-0.26,1025.428726,290.031951,26.96140877
1907,11,-0.38,1026.105689,290.0320469,24.60097415
1907,12,-0.42,1026.782652,290.0321429,26.22705133
1908,1,-0.37,1027.459615,290.0322388,28.01049082
1908,2,-0.32,1028.136579,290.0323348,29.05957287
1908,3,-0.51,1028.813542,290.0324307,29.00711877
1908,4,-0.41,1029.490505,290.0325267,27.85312851
1908,5,-0.35,1030.167468,290.0326226,27.27613338
1908,6,-0.32,1030.844431,290.0327186,29.68902211
1908,7,-0.35,1031.521394,290.0328145,30.00374672
1908,8,-0.42,1032.198357,290.0329104,31.26264519
1908,9,-0.36,1032.875321,290.0330064,28.53503185
1908,10,-0.44,1033.552284,290.0331023,26.33195954
1908,11,-0.54,1034.229247,290.0331983,25.28287748
1908,12,-0.45,1034.90621,290.0332942,25.75496441
1909,1,-0.51,1035.583173,290.0333902,29.79393031
1909,2,-0.38,1036.260136,290.0334861,31.15773698
1909,3,-0.52,1036.937099,290.0335821,33.5181716
1909,4,-0.59,1037.614063,290.033678,32.04945673
1909,5,-0.48,1038.291026,290.033774,30.58074185
1909,6,-0.46,1038.967989,290.0338699,28.16785313
1909,7,-0.4,1039.644952,290.0339659,29.11202698
1909,8,-0.33,1040.321915,290.0340618,28.69239416
1909,9,-0.36,1040.998878,290.0341578,30.52828775
1909,10,-0.39,1041.675841,290.0342537,30.47583365
1909,11,-0.38,1042.352804,290.0343497,31.4724616
1909,12,-0.43,1043.029768,290.0344456,30.73810416
1910,1,-0.3,1043.706731,290.0345416,30.00374672
1910,2,-0.35,1044.383694,290.0346375,28.27276133
1910,3,-0.52,1045.060657,290.0347335,28.63994005
1910,4,-0.37,1045.73762,290.0348294,28.84975646
1910,5,-0.31,1046.414583,290.0349254,31.36755339
1910,6,-0.32,1047.091546,290.0350213,31.73473211
1910,7,-0.3,1047.76851,290.0351173,32.88872237
1910,8,-0.37,1048.445473,290.0352132,31.5249157
1910,9,-0.38,1049.122436,290.0353092,31.5249157
1910,10,-0.44,1049.799399,290.0354051,30.47583365
1910,11,-0.51,1050.476362,290.0355011,30.37092544
1910,12,-0.61,1051.153325,290.035597,29.95129262
1911,1,-0.54,1051.830288,290.035693,29.95129262
1911,2,-0.55,1052.507252,290.0357889,31.78718621
1911,3,-0.59,1053.184215,290.0358849,33.25590109
1911,4,-0.51,1053.861178,290.0359808,33.5181716
1911,5,-0.46,1054.538141,290.0360768,32.88872237
1911,6,-0.45,1055.215104,290.0361727,33.20344698
1911,7,-0.41,1055.892067,290.0362687,33.78044211
1911,8,-0.44,1056.56903,290.0363646,36.92768827
1911,9,-0.39,1057.245994,290.0364606,38.44885725
1911,10,-0.32,1057.922957,290.0365565,40.07493443
1911,11,-0.16,1058.59992,290.0366525,37.66204571
1911,12,-0.13,1059.276883,290.0367484,36.71787186
1912,1,-0.24,1059.953846,290.0368443,32.83626827
1912,2,-0.18,1060.630809,290.0369403,31.89209442
1912,3,-0.32,1061.307772,290.0370362,30.05620082
1912,4,-0.2,1061.984736,290.0371322,30.10865493
1912,5,-0.18,1062.661699,290.0372281,30.68565006
1912,6,-0.18,1063.338662,290.0373241,33.4657175
1912,7,-0.38,1064.015625,290.03742,33.88535032
1912,8,-0.43,1064.692588,290.037516,34.56725365
1912,9,-0.52,1065.369551,290.0376119,34.30498314
1912,10,-0.54,1066.046514,290.0377079,34.51479955
1912,11,-0.38,1066.723478,290.0378038,35.5638816
1912,12,-0.45,1067.400441,290.0378998,36.77032596
1913,1,-0.34,1068.077404,290.0379957,33.93780442
1913,2,-0.41,1068.754367,290.0380917,32.15436493
1913,3,-0.39,1069.43133,290.0381876,29.5316598
1913,4,-0.35,1070.108293,290.0382836,29.79393031
1913,5,-0.4,1070.785256,290.0383795,30.68565006
1913,6,-0.4,1071.46222,290.0384755,33.4657175
1913,7,-0.33,1072.139183,290.0385714,35.30161109
1913,8,-0.31,1072.816146,290.0386674,36.82278007
1913,9,-0.34,1073.493109,290.0387633,36.98014238
1913,10,-0.33,1074.170072,290.0388593,36.56050955
1913,11,-0.25,1074.847035,290.0389552,38.65867366
1913,12,-0.07,1075.523998,290.0390512,35.93106032
1914,1,0.05,1076.200962,290.0391471,38.60621956
1914,2,-0.06,1076.877925,290.0392431,35.4065193
1914,3,-0.18,1077.554888,290.039339,36.29823904
1914,4,-0.29,1078.231851,290.039435,34.82952417
1914,5,-0.19,1078.908814,290.0395309,35.5114275
1914,6,-0.22,1079.585777,290.0396269,33.88535032
1914,7,-0.24,1080.26274,290.0397228,33.99025852
1914,8,-0.18,1080.939704,290.0398188,32.52154365
1914,9,-0.18,1081.616667,290.0399147,35.4065193
1914,10,-0.11,1082.29363,290.0400107,38.13413263
1914,11,-0.12,1082.970593,290.0401066,44.84825777
1914,12,0,1083.647556,290.0402026,50.30348445
1915,1,-0.17,1084.324519,290.0402985,52.87373548
1915,2,-0.01,1085.001482,290.0403945,52.08692394
1915,3,-0.05,1085.678446,290.0404904,47.94304983
1915,4,0.08,1086.355409,290.0405864,43.11727239
1915,5,0,1087.032372,290.0406823,39.86511802
1915,6,-0.11,1087.709335,290.0407783,38.50131135
1915,7,-0.06,1088.386298,290.0408742,37.18995879
1915,8,-0.11,1089.063261,290.0409701,36.77032596
1915,9,-0.19,1089.740224,290.0410661,36.24578494
1915,10,-0.21,1090.417188,290.041162,36.35069314
1915,11,-0.13,1091.094151,290.041258,39.23566879
1915,12,-0.24,1091.771114,290.0413539,39.07830648
1916,1,-0.2,1092.448077,290.0414499,42.38291495
1916,2,-0.15,1093.12504,290.0415458,41.01910828
1916,3,-0.26,1093.802003,290.0416418,43.74672162
1916,4,-0.24,1094.478966,290.0417377,42.17309854
1916,5,-0.26,1095.155929,290.0418337,42.85500187
1916,6,-0.35,1095.832893,290.0419296,40.12738854
1916,7,-0.31,1096.509856,290.0420256,38.18658674
1916,8,-0.27,1097.186819,290.0421215,35.98351442
1916,9,-0.28,1097.863782,290.0422175,37.18995879
1916,10,-0.29,1098.540745,290.0423134,38.18658674
1916,11,-0.4,1099.217708,290.0424094,42.33046085
1916,12,-0.7,1099.894671,290.0425053,42.90745598
1917,1,-0.6,1100.571635,290.0426013,42.85500187
1917,2,-0.64,1101.248598,290.0426972,39.55039341
1917,3,-0.64,1101.925561,290.0427932,37.81940802
1917,4,-0.51,1102.602524,290.0428891,35.98351442
1917,5,-0.52,1103.279487,290.0429851,36.40314725
1917,6,-0.4,1103.95645,290.043081,37.03259648
1917,7,-0.26,1104.633413,290.043177,39.02585238
1917,8,-0.22,1105.310377,290.0432729,38.71112776
1917,9,-0.21,1105.98734,290.0433689,38.29149494
1917,10,-0.38,1106.664303,290.0434648,37.4522293
1917,11,-0.33,1107.341266,290.0435608,37.13750468
1917,12,-0.48,1108.018229,290.0436567,38.39640315
1918,1,-0.44,1108.695192,290.0437527,39.23566879
1918,2,-0.39,1109.372155,290.0438486,37.24241289
1918,3,-0.28,1110.049119,290.0439446,36.35069314
1918,4,-0.4,1110.726082,290.0440405,35.35406519
1918,5,-0.39,1111.403045,290.0441365,36.66541776
1918,6,-0.33,1112.080008,290.0442324,37.66204571
1918,7,-0.27,1112.756971,290.0443284,37.97677033
1918,8,-0.28,1113.433934,290.0444243,37.18995879
1918,9,-0.16,1114.110897,290.0445203,39.13076058
1918,10,-0.1,1114.787861,290.0446162,38.02922443
1918,11,-0.07,1115.464824,290.0447122,38.13413263
1918,12,-0.26,1116.141787,290.0448081,35.72124391
1919,1,-0.15,1116.81875,290.0449041,34.82952417
1919,2,-0.19,1117.495713,290.045,33.88535032
1919,3,-0.19,1118.172676,290.0450959,34.72461596
1919,4,-0.08,1118.849639,290.0451919,36.24578494
1919,5,-0.22,1119.526603,290.0452878,37.66204571
1919,6,-0.3,1120.203566,290.0453838,41.07156238
1919,7,-0.26,1120.880529,290.0454797,40.65192956
1919,8,-0.32,1121.557492,290.0455757,42.48782315
1919,9,-0.24,1122.234455,290.0456716,41.59610341
1919,10,-0.2,1122.911418,290.0457676,39.86511802
1919,11,-0.35,1123.588381,290.0458635,39.13076058
1919,12,-0.38,1124.265345,290.0459595,36.77032596
1920,1,-0.26,1124.942308,290.0460554,36.50805545
1920,2,-0.29,1125.619271,290.0461514,35.4589734
1920,3,-0.11,1126.296234,290.0462473,35.82615212
1920,4,-0.23,1126.973197,290.0463433,37.97677033
1920,5,-0.25,1127.65016,290.0464392,40.44211315
1920,6,-0.28,1128.327123,290.0465352,42.43536905
1920,7,-0.26,1129.004087,290.0466311,42.64518546
1920,8,-0.23,1129.68105,290.0467271,41.17647059
1920,9,-0.18,1130.358013,290.046823,39.28812289
1920,10,-0.25,1131.034976,290.046919,38.65867366
1920,11,-0.24,1131.711939,290.0470149,37.92431622
1920,12,-0.42,1132.388902,290.0471109,39.02585238
1921,1,-0.09,1133.065865,290.0472068,39.07830648
1921,2,-0.19,1133.742829,290.0473028,40.70438366
1921,3,-0.22,1134.419792,290.0473987,41.4387411
1921,4,-0.25,1135.096755,290.0474947,42.17309854
1921,5,-0.21,1135.773718,290.0475906,43.22218059
1921,6,-0.22,1136.450681,290.0476866,42.48782315
1921,7,-0.13,1137.127644,290.0477825,41.64855751
1921,8,-0.18,1137.804607,290.0478785,38.39640315
1921,9,-0.18,1138.481571,290.0479744,36.87523417
1921,10,-0.08,1139.158534,290.0480704,37.4522293
1921,11,-0.15,1139.835497,290.0481663,37.18995879
1921,12,-0.14,1140.51246,290.0482623,39.3930311
1922,1,-0.29,1141.189423,290.0483582,38.55376546
1922,2,-0.39,1141.866386,290.0484542,40.80929187
1922,3,-0.1,1142.543349,290.0485501,40.12738854
1922,4,-0.19,1143.220313,290.0486461,40.65192956
1922,5,-0.27,1143.897276,290.048742,41.22892469
1922,6,-0.24,1144.574239,290.048838,41.07156238
1922,7,-0.26,1145.251202,290.0489339,38.39640315
1922,8,-0.27,1145.928165,290.0490299,36.61296366
1922,9,-0.3,1146.605128,290.0491258,35.72124391
1922,10,-0.29,1147.282091,290.0492217,37.76695392
1922,11,-0.16,1147.959054,290.0493177,40.86174597
1922,12,-0.2,1148.636018,290.0494136,42.64518546
1923,1,-0.25,1149.312981,290.0495096,41.91082803
1923,2,-0.39,1149.989944,290.0496055,39.4979393
1923,3,-0.32,1150.666907,290.0497015,40.17984264
1923,4,-0.35,1151.34387,290.0497974,42.43536905
1923,5,-0.27,1152.020833,290.0498934,44.69089547
1923,6,-0.21,1152.697796,290.0499893,43.3270888
1923,7,-0.29,1153.37476,290.0500853,40.38965905
1923,8,-0.32,1154.051723,290.0501812,38.81603597
1923,9,-0.26,1154.728686,290.0502772,38.81603597
1923,10,-0.19,1155.405649,290.0503731,39.23566879
1923,11,-0.05,1156.082612,290.0504691,37.03259648
1923,12,0,1156.759575,290.050565,35.5638816
1924,1,-0.18,1157.436538,290.050661,34.88197827
1924,2,-0.18,1158.113502,290.0507569,37.66204571
1924,3,-0.07,1158.790465,290.0508529,37.29486699
1924,4,-0.22,1159.467428,290.0509488,38.13413263
1924,5,-0.1,1160.144391,290.0510448,36.35069314
1924,6,-0.22,1160.821354,290.0511407,36.29823904
1924,7,-0.21,1161.498317,290.0512367,35.5114275
1924,8,-0.29,1162.17528,290.0513326,35.87860622
1924,9,-0.29,1162.852244,290.0514286,36.14087673
1924,10,-0.32,1163.529207,290.0515245,36.08842263
1924,11,-0.21,1164.20617,290.0516205,35.4065193
1924,12,-0.37,1164.883133,290.0517164,36.35069314
1925,1,-0.36,1165.560096,290.0518124,37.87186212
1925,2,-0.39,1166.237059,290.0519083,38.76358187
1925,3,-0.26,1166.914022,290.0520043,37.76695392
1925,4,-0.24,1167.590986,290.0521002,36.29823904
1925,5,-0.24,1168.267949,290.0521962,36.56050955
1925,6,-0.28,1168.944912,290.0522921,36.45560135
1925,7,-0.24,1169.621875,290.0523881,36.29823904
1925,8,-0.16,1170.298838,290.052484,35.77369801
1925,9,-0.13,1170.975801,290.05258,36.45560135
1925,10,-0.16,1171.652764,290.0526759,37.5571375
1925,11,0.02,1172.329728,290.0527719,38.60621956
1925,12,0.08,1173.006691,290.0528678,40.44211315
1926,1,0.13,1173.683654,290.0529638,38.39640315
1926,2,0,1174.360617,290.0530597,37.92431622
1926,3,0.09,1175.03758,290.0531557,36.24578494
1926,4,-0.11,1175.714543,290.0532516,37.87186212
1926,5,-0.16,1176.391506,290.0533475,38.92094417
1926,6,-0.15,1177.06847,290.0534435,40.28475084
1926,7,-0.22,1177.745433,290.0535394,41.96328213
1926,8,-0.11,1178.422396,290.0536354,45.4252529
1926,9,-0.13,1179.099359,290.0537313,45.79243162
1926,10,-0.08,1179.776322,290.0538273,46.26451855
1926,11,-0.06,1180.453285,290.0539232,41.28137879
1926,12,-0.2,1181.130248,290.0540192,39.3930311
1927,1,-0.27,1181.807212,290.0541151,37.29486699
1927,2,-0.19,1182.484175,290.0542111,39.55039341
1927,3,-0.33,1183.161138,290.054307,40.54702136
1927,4,-0.26,1183.838101,290.054403,41.75346572
1927,5,-0.2,1184.515064,290.0544989,41.54364931
1927,6,-0.19,1185.192027,290.0545949,41.96328213
1927,7,-0.15,1185.86899,290.0546908,41.01910828
1927,8,-0.14,1186.545954,290.0547868,42.38291495
1927,9,-0.08,1187.222917,290.0548827,39.28812289
1927,10,-0.02,1187.89988,290.0549787,40.70438366
1927,11,-0.06,1188.576843,290.0550746,38.71112776
1927,12,-0.25,1189.253806,290.0551706,38.29149494
1928,1,-0.05,1189.930769,290.0552665,35.03934058
1928,2,-0.1,1190.607732,290.0553625,35.09179468
1928,3,-0.23,1191.284696,290.0554584,36.08842263
1928,4,-0.24,1191.961659,290.0555544,38.86849007
1928,5,-0.17,1192.638622,290.0556503,39.65530161
1928,6,-0.28,1193.315585,290.0557463,41.01910828
1928,7,-0.16,1193.992548,290.0558422,41.17647059
1928,8,-0.19,1194.669511,290.0559382,41.386287
1928,9,-0.15,1195.346474,290.0560341,41.12401649
1928,10,-0.18,1196.023438,290.0561301,38.44885725
1928,11,-0.11,1196.700401,290.056226,36.14087673
1928,12,-0.14,1197.377364,290.056322,34.51479955
1929,1,-0.42,1198.054327,290.0564179,33.41326339
1929,2,-0.49,1198.73129,290.0565139,36.03596853
1929,3,-0.32,1199.408253,290.0566098,37.34732109
1929,4,-0.36,1200.085216,290.0567058,40.44211315
1929,5,-0.31,1200.762179,290.0568017,39.13076058
1929,6,-0.34,1201.439143,290.0568977,41.12401649
1929,7,-0.29,1202.116106,290.0569936,41.17647059
1929,8,-0.23,1202.793069,290.0570896,40.96665418
1929,9,-0.22,1203.470032,290.0571855,40.65192956
1929,10,-0.14,1204.146995,290.0572814,39.3930311
1929,11,-0.12,1204.823958,290.0573774,39.4979393
1929,12,-0.45,1205.500921,290.0574733,37.97677033
1930,1,-0.29,1206.177885,290.0575693,38.65867366
1930,2,-0.26,1206.854848,290.0576652,37.87186212
1930,3,-0.08,1207.531811,290.0577612,37.87186212
1930,4,-0.18,1208.208774,290.0578571,36.82278007
1930,5,-0.16,1208.885737,290.0579531,37.66204571
1930,6,-0.12,1209.5627,290.058049,41.3338329
1930,7,-0.12,1210.239663,290.058145,45.2678906
1930,8,-0.1,1210.916627,290.0582409,46.36942675
1930,9,-0.1,1211.59359,290.0583369,45.11052829
1930,10,-0.04,1212.270553,290.0584328,43.53690521
1930,11,0.14,1212.947516,290.0585288,41.386287
1930,12,-0.02,1213.624479,290.0586247,40.23229674
1931,1,-0.07,1214.301442,290.0587207,40.70438366
1931,2,-0.17,1214.978405,290.0588166,39.55039341
1931,3,-0.06,1215.655369,290.0589126,40.86174597
1931,4,-0.15,1216.332332,290.0590085,39.86511802
1931,5,-0.13,1217.009295,290.0591045,40.96665418
1931,6,-0.01,1217.686258,290.0592004,41.22892469
1931,7,0,1218.363221,290.0592964,43.3270888
1931,8,-0.01,1219.040184,290.0593923,42.38291495
1931,9,0,1219.717147,290.0594883,41.17647059
1931,10,0.02,1220.394111,290.0595842,39.60284751
1931,11,-0.09,1221.071074,290.0596802,39.13076058
1931,12,-0.05,1221.748037,290.0597761,40.91420007
1932,1,0.1,1222.425,290.0598721,42.17309854
1932,2,-0.13,1223.101963,290.059968,43.90408393
1932,3,-0.14,1223.778926,290.060064,43.3795429
1932,4,-0.04,1224.455889,290.0601599,44.06144623
1932,5,-0.14,1225.132853,290.0602559,43.16972649
1932,6,-0.17,1225.809816,290.0603518,43.11727239
1932,7,-0.15,1226.486779,290.0604478,43.53690521
1932,8,-0.15,1227.163742,290.0605437,42.80254777
1932,9,-0.1,1227.840705,290.0606397,44.16635444
1932,10,-0.1,1228.517668,290.0607356,43.95653803
1932,11,-0.23,1229.194631,290.0608316,45.2678906
1932,12,-0.23,1229.871595,290.0609275,45.84488572
1933,1,-0.26,1230.548558,290.0610235,47.57587111
1933,2,-0.31,1231.225521,290.0611194,47.99550393
1933,3,-0.26,1231.902484,290.0612154,48.31022855
1933,4,-0.21,1232.579447,290.0613113,48.20532034
1933,5,-0.24,1233.25641,290.0614072,46.84151368
1933,6,-0.28,1233.933373,290.0615032,47.20869239
1933,7,-0.21,1234.610337,290.0615991,44.84825777
1933,8,-0.19,1235.2873,290.0616951,45.53016111
1933,9,-0.26,1235.964263,290.061791,44.84825777
1933,10,-0.19,1236.641226,290.061887,45.00562008
1933,11,-0.27,1237.318189,290.0619829,43.16972649
1933,12,-0.34,1237.995152,290.0620789,43.16972649
1934,1,-0.25,1238.672115,290.0621748,43.53690521
1934,2,-0.04,1239.349079,290.0622708,44.79580367
1934,3,-0.3,1240.026042,290.0623667,46.05470214
1934,4,-0.28,1240.703005,290.0624627,45.47770701
1934,5,-0.07,1241.379968,290.0625586,45.00562008
1934,6,-0.08,1242.056931,290.0626546,42.90745598
1934,7,-0.09,1242.733894,290.0627505,42.59273136
1934,8,-0.09,1243.410857,290.0628465,40.49456725
1934,9,-0.11,1244.087821,290.0629424,41.28137879
1934,10,-0.02,1244.764784,290.0630384,39.86511802
1934,11,0.08,1245.441747,290.0631343,42.95991008
1934,12,-0.01,1246.11871,290.0632303,44.06144623
1935,1,-0.3,1246.795673,290.0633262,46.68415137
1935,2,0.11,1247.472636,290.0634222,47.83814163
1935,3,-0.13,1248.149599,290.0635181,48.04795804
1935,4,-0.31,1248.826563,290.0636141,48.67740727
1935,5,-0.24,1249.503526,290.06371,46.94642188
1935,6,-0.2,1250.180489,290.063806,47.3136006
1935,7,-0.15,1250.857452,290.0639019,46.78905957
1935,8,-0.14,1251.534415,290.0639979,46.36942675
1935,9,-0.13,1252.211378,290.0640938,45.16298239
1935,10,-0.03,1252.888341,290.0641898,43.64181341
1935,11,-0.22,1253.565304,290.0642857,42.85500187
1935,12,-0.11,1254.242268,290.0643817,43.79917572
1936,1,-0.3,1254.919231,290.0644776,45.84488572
1936,2,-0.36,1255.596194,290.0645736,47.10378419
1936,3,-0.2,1256.273157,290.0646695,44.74334957
1936,4,-0.13,1256.95012,290.0647655,43.01236418
1936,5,-0.08,1257.627083,290.0648614,42.01573623
1936,6,-0.1,1258.304046,290.0649574,43.3270888
1936,7,-0.06,1258.98101,290.0650533,42.80254777
1936,8,-0.07,1259.657973,290.0651493,43.85162982
1936,9,-0.08,1260.334936,290.0652452,42.43536905
1936,10,-0.05,1261.011899,290.0653412,44.69089547
1936,11,0.01,1261.688862,290.0654371,44.00899213
1936,12,0,1262.365825,290.065533,45.58261521
1937,1,-0.09,1263.042788,290.065629,44.90071188
1937,2,0.01,1263.719752,290.0657249,47.52341701
1937,3,-0.19,1264.396715,290.0658209,46.68415137
1937,4,-0.11,1265.073678,290.0659168,47.73323342
1937,5,-0.02,1265.750641,290.0660128,46.99887598
1937,6,0.03,1266.427604,290.0661087,45.94979393
1937,7,0.01,1267.104567,290.0662047,46.10715624
1937,8,0.06,1267.78153,290.0663006,45.68752342
1937,9,0.15,1268.458494,290.0663966,47.52341701
1937,10,0.11,1269.135457,290.0664925,47.78568752
1937,11,0.13,1269.81242,290.0665885,48.78231547
1937,12,0.03,1270.489383,290.0666844,49.62158112
1938,1,0.07,1271.166346,290.0667804,50.77557138
1938,2,0.03,1271.843309,290.0668763,51.45747471
1938,3,0.05,1272.520272,290.0669723,51.71974522
1938,4,0.07,1273.197236,290.0670682,50.61820907
1938,5,-0.03,1273.874199,290.0671642,47.62832522
1938,6,-0.09,1274.551162,290.0672601,46.00224803
1938,7,-0.06,1275.228125,290.0673561,43.64181341
1938,8,-0.03,1275.905088,290.067452,45.47770701
1938,9,0.06,1276.582051,290.067548,46.36942675
1938,10,0.12,1277.259014,290.0676439,49.2019483
1938,11,0.08,1277.935978,290.0677399,49.62158112
1938,12,-0.07,1278.612941,290.0678358,49.2544024
1939,1,-0.09,1279.289904,290.0679318,49.56912701
1939,2,-0.1,1279.966867,290.0680277,47.2611465
1939,3,-0.16,1280.64383,290.0681237,48.62495317
1939,4,-0.03,1281.320793,290.0682196,49.72648932
1939,5,-0.01,1281.997756,290.0683156,52.50655676
1939,6,-0.01,1282.67472,290.0684115,56.02098164
1939,7,-0.02,1283.351683,290.0685075,56.07343574
1939,8,0.02,1284.028646,290.0686034,54.60472087
1939,9,-0.01,1284.705609,290.0686994,51.1952042
1939,10,-0.01,1285.382572,290.0687953,49.04458599
1939,11,0.07,1286.059535,290.0688913,49.88385163
1939,12,0.47,1286.736498,290.0689872,49.98875984
1940,1,0.08,1287.413462,290.0690832,50.46084676
1940,2,0.08,1288.090425,290.0691791,49.83139753
1940,3,0.14,1288.767388,290.0692751,48.93967778
1940,4,0.21,1289.444351,290.069371,46.47433496
1940,5,0.16,1290.121314,290.069467,46.10715624
1940,6,0.12,1290.798277,290.0695629,43.79917572
1940,7,0.15,1291.47524,290.0696588,44.79580367
1940,8,0.11,1292.152204,290.0697548,46.31697265
1940,9,0.18,1292.829167,290.0698507,48.41513676
1940,10,0.15,1293.50613,290.0699467,50.67066317
1940,11,0.17,1294.183093,290.0700426,52.34919445
1940,12,0.33,1294.860056,290.0701386,52.87373548
1941,1,0.22,1295.537019,290.0702345,52.50655676
1941,2,0.33,1296.213982,290.0703305,54.18508805
1941,3,0.11,1296.890946,290.0704264,54.39490446
1941,4,0.23,1297.567909,290.0705224,55.1292619
1941,5,0.21,1298.244872,290.0706183,54.13263395
1941,6,0.16,1298.921835,290.0707143,54.13263395
1941,7,0.22,1299.598798,290.0708102,55.70625703
1941,8,0.2,1300.275761,290.0709062,58.01423754
1941,9,0.08,1300.952724,290.0710021,57.75196703
1941,10,0.36,1301.629688,290.0710981,55.96852754
1941,11,0.27,1302.306651,290.071194,52.97864369
1941,12,0.25,1302.983614,290.07129,52.92618958
1942,1,0.31,1303.660577,290.0713859,52.08692394
1942,2,0.05,1304.33754,290.0714819,52.61146497
1942,3,0.08,1305.014503,290.0715778,51.92956163
1942,4,0.14,1305.691466,290.0716738,51.66729112
1942,5,0.15,1306.368429,290.0717697,52.29674035
1942,6,0.1,1307.045393,290.0718657,53.87036343
1942,7,0,1307.722356,290.0719616,55.65380292
1942,8,-0.01,1308.399319,290.0720576,57.227426
1942,9,0,1309.076282,290.0721535,58.22405395
1942,10,0.04,1309.753245,290.0722495,57.75196703
1942,11,0.08,1310.430208,290.0723454,57.69951293
1942,12,0.12,1311.107171,290.0724414,56.44061446
1943,1,-0.03,1311.784135,290.0725373,57.75196703
1943,2,0.12,1312.461098,290.0726333,58.17159985
1943,3,-0.02,1313.138061,290.0727292,57.90932934
1943,4,0.13,1313.815024,290.0728252,57.80442113
1943,5,0.13,1314.491987,290.0729211,55.65380292
1943,6,-0.02,1315.16895,290.0730171,55.75871113
1943,7,0.06,1315.845913,290.073113,53.60809292
1943,8,0.02,1316.522877,290.073209,53.34582241
1943,9,0.08,1317.19984,290.0733049,52.61146497
1943,10,0.25,1317.876803,290.0734009,52.24428625
1943,11,0.23,1318.553766,290.0734968,51.61483702
1943,12,0.24,1319.230729,290.0735928,51.3001124
1944,1,0.31,1319.907692,290.0736887,53.13600599
1944,2,0.25,1320.584655,290.0737846,56.33570626
1944,3,0.3,1321.261619,290.0738806,57.75196703
1944,4,0.21,1321.938582,290.0739765,55.33907831
1944,5,0.23,1322.615545,290.0740725,51.50992881
1944,6,0.24,1323.292508,290.0741684,48.46759086
1944,7,0.2,1323.969471,290.0742644,46.99887598
1944,8,0.18,1324.646434,290.0743603,46.89396778
1944,9,0.32,1325.323397,290.0744563,47.89059573
1944,10,0.29,1326.000361,290.0745522,49.46421881
1944,11,0.13,1326.677324,290.0746482,51.40502061
1944,12,0.16,1327.354287,290.0747441,52.03446984
1945,1,0.18,1328.03125,290.0748401,52.55901087
1945,2,0.06,1328.708213,290.074936,52.40164856
1945,3,0.09,1329.385176,290.075032,51.98201574
1945,4,0.25,1330.062139,290.0751279,52.66391907
1945,5,0.12,1330.739103,290.0752239,53.34582241
1945,6,0.11,1331.416066,290.0753198,55.44398651
1945,7,0.11,1332.093029,290.0754158,53.34582241
1945,8,0.28,1332.769992,290.0755117,53.2409142
1945,9,0.22,1333.446955,290.0756077,50.98538779
1945,10,0.17,1334.123918,290.0757036,52.29674035
1945,11,0.1,1334.800881,290.0757996,52.45410266
1945,12,-0.04,1335.477845,290.0758955,54.18508805
1946,1,0.17,1336.154808,290.0759915,53.60809292
1946,2,0.01,1336.831771,290.0760874,55.65380292
1946,3,0.02,1337.508734,290.0761834,55.2341701
1946,4,0.06,1338.185697,290.0762793,57.2798801
1946,5,-0.02,1338.86266,290.0763753,58.59123267
1946,6,-0.17,1339.539623,290.0764712,60.16485575
1946,7,-0.11,1340.216587,290.0765672,60.84675909
1946,8,-0.12,1340.89355,290.0766631,59.53540652
1946,9,-0.06,1341.570513,290.0767591,57.48969652
1946,10,-0.03,1342.247476,290.076855,55.65380292
1946,11,-0.02,1342.924439,290.076951,54.28999625
1946,12,-0.21,1343.601402,290.0770469,53.92281753
1947,1,-0.03,1344.278365,290.0771429,53.60809292
1947,2,-0.04,1344.955329,290.0772388,54.76208318
1947,3,0.05,1345.632292,290.0773348,56.12588985
1947,4,0.06,1346.309255,290.0774307,54.91944549
1947,5,0.02,1346.986218,290.0775267,55.2341701
1947,6,0.04,1347.663181,290.0776226,56.28325215
1947,7,-0.01,1348.340144,290.0777186,57.69951293
1947,8,-0.09,1349.017107,290.0778145,59.0633196
1947,9,-0.12,1349.694071,290.0779104,60.84675909
1947,10,0.06,1350.371034,290.0780064,63.20719371
1947,11,0,1351.047997,290.0781023,65.67253653
1947,12,-0.05,1351.72496,290.0781983,64.78081679
1948,1,0.02,1352.401923,290.0782942,63.25964781
1948,2,-0.08,1353.078886,290.0783902,60.89921319
1948,3,-0.21,1353.755849,290.0784861,59.79767703
1948,4,-0.04,1354.432813,290.0785821,59.79767703
1948,5,0.05,1355.109776,290.078678,60.47958037
1948,6,-0.02,1355.786739,290.078774,60.42712626
1948,7,-0.03,1356.463702,290.0788699,61.26639191
1948,8,-0.05,1357.140665,290.0789659,60.21730985
1948,9,-0.1,1357.817628,290.0790618,60.95166729
1948,10,-0.04,1358.494591,290.0791578,60.74185088
1948,11,-0.07,1359.171554,290.0792537,61.73847883
1948,12,-0.19,1359.848518,290.0793497,62.36792806
1949,1,0.06,1360.525481,290.0794456,63.20719371
1949,2,-0.15,1361.202444,290.0795416,63.41701012
1949,3,0.04,1361.879407,290.0796375,61.52866242
1949,4,-0.05,1362.55637,290.0797335,60.16485575
1949,5,-0.04,1363.233333,290.0798294,59.0633196
1949,6,-0.16,1363.910296,290.0799254,58.90595729
1949,7,-0.09,1364.58726,290.0800213,58.32896216
1949,8,-0.05,1365.264223,290.0801173,59.01086549
1949,9,-0.1,1365.941186,290.0802132,58.27650806
1949,10,-0.04,1366.618149,290.0803092,60.21730985
1949,11,-0.03,1367.295112,290.0804051,60.47958037
1949,12,-0.1,1367.972075,290.0805011,61.26639191
1950,1,-0.2,1368.649038,290.080597,60.26976396
1950,2,-0.26,1369.326002,290.080693,59.64031472
1950,3,-0.07,1370.002965,290.0807889,59.58786062
1950,4,-0.16,1370.679928,290.0808849,60.68939678
1950,5,-0.02,1371.356891,290.0809808,60.95166729
1950,6,-0.02,1372.033854,290.0810768,61.1614837
1950,7,-0.09,1372.710817,290.0811727,60.84675909
1950,8,-0.09,1373.38778,290.0812687,60.47958037
1950,9,-0.07,1374.064744,290.0813646,61.37130011
1950,10,-0.14,1374.741707,290.0814606,62.84001499
1950,11,-0.26,1375.41867,290.0815565,64.30872986
1950,12,-0.12,1376.095633,290.0816525,65.56762833
1951,1,-0.31,1376.772596,290.0817484,64.83327089
1951,2,-0.37,1377.449559,290.0818443,66.93143499
1951,3,-0.16,1378.126522,290.0819403,69.71150244
1951,4,-0.09,1378.803486,290.0820362,70.02622705
1951,5,0.04,1379.480449,290.0821322,70.18358936
1951,6,0.04,1380.157412,290.0822281,67.50843012
1951,7,0.1,1380.834375,290.0823241,65.62008243
1951,8,0.11,1381.511338,290.08242,63.73173473
1951,9,0.17,1382.188301,290.082516,64.41363807
1951,10,0.13,1382.865264,290.0826119,64.46609217
1951,11,0.03,1383.542228,290.0827079,65.41026602
1951,12,0.21,1384.219191,290.0828038,64.46609217
1952,1,0.14,1384.896154,290.0828998,64.15136755
1952,2,0.11,1385.573117,290.0829957,63.88909704
1952,3,-0.03,1386.25008,290.0830917,62.99737729
1952,4,0.07,1386.927043,290.0831876,63.1022855
1952,5,0.08,1387.604006,290.0832836,63.41701012
1952,6,0.05,1388.28097,290.0833795,64.72836268
1952,7,0.07,1388.957933,290.0834755,64.15136755
1952,8,0.06,1389.634896,290.0835714,64.57100037
1952,9,0.09,1390.311859,290.0836674,65.77744474
1952,10,0.02,1390.988822,290.0837633,66.45934807
1952,11,-0.08,1391.665785,290.0838593,68.87223679
1952,12,0.06,1392.342748,290.0839552,69.13450731
1953,1,0.07,1393.019712,290.0840512,68.9246909
1953,2,0.15,1393.696675,290.0841471,67.40352192
1953,3,0.15,1394.373638,290.0842431,66.45934807
1953,4,0.26,1395.050601,290.084339,67.50843012
1953,5,0.2,1395.727564,290.084435,69.23941551
1953,6,0.21,1396.404527,290.0845309,70.60322218
1953,7,0.09,1397.08149,290.0846269,69.29186961
1953,8,0.1,1397.758454,290.0847228,67.92806294
1953,9,0.08,1398.435417,290.0848188,66.56425628
1953,10,0.13,1399.11238,290.0849147,65.41026602
1953,11,0.04,1399.789343,290.0850107,65.0430873
1953,12,0.07,1400.466306,290.0851066,64.67590858
1954,1,-0.19,1401.143269,290.0852026,65.82989884
1954,2,-0.06,1401.820232,290.0852985,66.56425628
1954,3,-0.14,1402.497196,290.0853945,66.93143499
1954,4,-0.08,1403.174159,290.0854904,65.72499063
1954,5,-0.11,1403.851122,290.0855864,65.88235294
1954,6,-0.06,1404.528085,290.0856823,64.36118396
1954,7,-0.08,1405.205048,290.0857783,62.99737729
1954,8,-0.05,1405.882011,290.0858742,62.57774447
1954,9,-0.01,1406.558974,290.0859701,63.78418883
1954,10,-0.01,1407.235938,290.0860661,66.35443987
1954,11,0.09,1407.912901,290.086162,69.0820532
1954,12,-0.12,1408.589864,290.086258,70.28849756
1955,1,0.13,1409.266827,290.0863539,71.18021731
1955,2,-0.17,1409.94379,290.0864499,71.022855
1955,3,-0.29,1410.620753,290.0865458,69.29186961
1955,4,-0.2,1411.297716,290.0866418,67.14125141
1955,5,-0.15,1411.974679,290.0867377,64.67590858
1955,6,-0.08,1412.651643,290.0868337,63.1022855
1955,7,-0.11,1413.328606,290.0869296,62.00074934
1955,8,-0.02,1414.005569,290.0870256,63.67928063
1955,9,-0.04,1414.682532,290.0871215,64.25627576
1955,10,-0.09,1415.359495,290.0872175,66.61671038
1955,11,-0.26,1416.036458,290.0873134,66.87898089
1955,12,-0.27,1416.713421,290.0874094,66.56425628
1956,1,-0.11,1417.390385,290.0875053,66.03971525
1956,2,-0.17,1418.067348,290.0876013,64.15136755
1956,3,-0.16,1418.744311,290.0876972,64.57100037
1956,4,-0.25,1419.421274,290.0877932,66.09216935
1956,5,-0.26,1420.098237,290.0878891,66.09216935
1956,6,-0.16,1420.7752,290.0879851,65.30535781
1956,7,-0.12,1421.452163,290.088081,62.73510678
1956,8,-0.19,1422.129127,290.088177,62.10565755
1956,9,-0.23,1422.80609,290.0882729,61.73847883
1956,10,-0.22,1423.483053,290.0883689,61.52866242
1956,11,-0.15,1424.160016,290.0884648,61.47620832
1956,12,-0.02,1424.836979,290.0885608,62.21056575
1957,1,-0.06,1425.513942,290.0886567,64.62345448
1957,2,-0.09,1426.190905,290.0887527,68.9246909
1957,3,-0.09,1426.867869,290.0888486,71.12776321
1957,4,-0.05,1427.544832,290.0889446,72.01948295
1957,5,0.06,1428.221795,290.0890405,72.9112027
1957,6,0.15,1428.898758,290.0891365,72.9636568
1957,7,0.01,1429.575721,290.0892324,72.80629449
1957,8,0.26,1430.252684,290.0893284,71.18021731
1957,9,0.17,1430.929647,290.0894243,70.76058449
1957,10,0.09,1431.606611,290.0895203,70.18358936
1957,11,0.08,1432.283574,290.0896162,70.81303859
1957,12,0.18,1432.960537,290.0897122,70.28849756
1958,1,0.35,1433.6375,290.0898081,71.33757962
1958,2,0.26,1434.314463,290.0899041,71.0753091
1958,3,0.12,1434.991426,315.7,71.12776321
1958,4,0.06,1435.668389,317.45,69.81641064
1958,5,0.1,1436.345353,317.51,70.07868115
1958,6,-0.03,1437.022316,317.24,70.02622705
1958,7,0.02,1437.699279,315.86,70.65567628
1958,8,0.01,1438.376242,314.93,70.9704009
1958,9,-0.03,1439.053205,313.2,71.65230423
1958,10,0.04,1439.730168,312.43,72.85874859
1958,11,0.04,1440.407131,313.33,73.59310603
1958,12,0.08,1441.084095,314.67,74.06519296
1959,1,0.07,1441.761058,315.58,72.9636568
1959,2,0.1,1442.438021,316.48,71.23267141
1959,3,0.19,1443.114984,316.65,70.13113526
1959,4,0.17,1443.791947,317.72,70.49831398
1959,5,0.04,1444.46891,318.29,70.70813039
1959,6,0.11,1445.145873,318.15,71.44248782
1959,7,0.08,1445.822837,316.54,71.59985013
1959,8,0.04,1446.4998,314.8,72.85874859
1959,9,0.1,1447.176763,313.84,72.33420757
1959,10,-0.06,1447.853726,313.33,73.17347321
1959,11,-0.02,1448.530689,314.81,70.86549269
1959,12,0.02,1449.207652,315.58,71.28512552
1960,1,0.05,1449.884615,316.43,71.12776321
1960,2,0.11,1450.561579,316.98,73.22592731
1960,3,-0.25,1451.238542,317.58,73.12101911
1960,4,-0.09,1451.915505,319.03,74.17010116
1960,5,-0.04,1452.592468,320.04,74.48482578
1960,6,0.08,1453.269431,319.59,74.27500937
1960,7,0.08,1453.946394,318.18,73.64556013
1960,8,0.01,1454.623357,315.9,73.22592731
1960,9,0.13,1455.300321,314.17,72.9636568
1960,10,0.08,1455.977284,313.83,73.33083552
1960,11,-0.11,1456.654247,315,73.75046834
1960,12,0.26,1457.33121,316.19,75.37654552
1961,1,0.14,1458.008173,316.89,76.8452604
1961,2,0.18,1458.685136,317.7,79.36305732
1961,3,0.1,1459.362099,318.54,79.57287374
1961,4,0.21,1460.039063,319.48,79.78269015
1961,5,0.04,1460.716026,320.58,78.52379168
1961,6,0.1,1461.392989,319.77,77.42225553
1961,7,0.05,1462.069952,318.57,76.9501686
1961,8,0.05,1462.746915,316.79,76.42562758
1961,9,0.08,1463.423878,314.99,75.79617834
1961,10,-0.11,1464.100841,315.31,74.17010116
1961,11,0.04,1464.777804,316.1,73.12101911
1961,12,-0.09,1465.454768,317.01,73.59310603
1962,1,0.08,1466.131731,317.94,73.54065193
1962,2,0.11,1466.808694,318.55,74.32746347
1962,3,0.16,1467.485657,319.68,73.64556013
1962,4,-0.01,1468.16262,320.57,73.38328962
1962,5,0.02,1468.839583,321.02,72.9636568
1962,6,-0.06,1469.516546,320.62,73.12101911
1962,7,0.1,1470.19351,319.61,72.33420757
1962,8,0.07,1470.870473,317.4,73.85537655
1962,9,-0.04,1471.547436,316.25,74.58973398
1962,10,0.03,1472.224399,315.42,76.26826527
1962,11,0.11,1472.901362,316.69,75.74372424
1962,12,0.06,1473.578325,317.7,74.9044586
1963,1,0.02,1474.255288,318.74,75.53390783
1963,2,0.22,1474.932252,319.07,75.42899963
1963,3,-0.12,1475.609215,319.86,75.37654552
1963,4,0.01,1476.286178,321.38,74.32746347
1963,5,-0.02,1476.963141,322.25,73.59310603
1963,6,0.1,1477.640104,321.48,72.80629449
1963,7,0.04,1478.317067,319.74,72.12439116
1963,8,0.18,1478.99403,317.77,71.44248782
1963,9,0.13,1479.670994,316.21,72.70138629
1963,10,0.21,1480.347957,315.99,72.07193706
1963,11,0.19,1481.02492,317.07,73.0161109
1963,12,0.05,1481.701883,318.35,70.13113526
1964,1,-0.08,1482.378846,319.57,67.92806294
1964,2,-0.1,1483.055809,320.01,65.67253653
1964,3,-0.15,1483.732772,320.74,65.20044961
1964,4,-0.23,1484.409736,321.84,64.93817909
1964,5,-0.15,1485.086699,322.26,67.29861371
1964,6,-0.04,1485.763662,321.89,70.13113526
1964,7,0,1486.440625,320.44,72.22929936
1964,8,-0.19,1487.117588,318.69,72.33420757
1964,9,-0.15,1487.794551,316.7,71.33757962
1964,10,-0.27,1488.471514,316.87,69.86886474
1964,11,-0.2,1489.148478,317.68,70.13113526
1964,12,-0.23,1489.825441,318.71,71.75721244
1965,1,-0.08,1490.502404,319.44,74.06519296
1965,2,-0.15,1491.179367,320.44,76.42562758
1965,3,-0.11,1491.85633,320.89,75.37654552
1965,4,-0.11,1492.533293,322.14,73.69801424
1965,5,-0.19,1493.210256,322.17,71.80966654
1965,6,-0.07,1493.88722,321.87,72.28175347
1965,7,0,1494.564183,321.21,73.96028475
1965,8,0.01,1495.241146,318.87,75.79617834
1965,9,-0.07,1495.918109,317.81,77.57961783
1965,10,0.01,1496.595072,317.3,76.74035219
1965,11,0.03,1497.272035,318.87,76.47808168
1965,12,-0.02,1497.948998,319.42,75.63881604
1966,1,-0.14,1498.625962,320.62,75.32409142
1966,2,-0.04,1499.302925,321.6,74.27500937
1966,3,-0.02,1499.979888,322.39,72.9636568
1966,4,-0.07,1500.656851,323.7,71.86212064
1966,5,-0.1,1501.333814,324.08,71.28512552
1966,6,0.11,1502.010777,323.75,71.12776321
1966,7,0.09,1502.68774,322.38,72.07193706
1966,8,-0.02,1503.364704,320.36,72.28175347
1966,9,0.06,1504.041667,318.64,72.28175347
1966,10,-0.14,1504.71863,318.1,71.54739603
1966,11,0.01,1505.395593,319.78,69.76395654
1966,12,0.01,1506.072556,321.03,70.9179468
1967,1,-0.11,1506.749519,322.33,70.28849756
1967,2,-0.15,1507.426482,322.5,70.44585987
1967,3,0.05,1508.103446,323.04,69.23941551
1967,4,0,1508.780409,324.42,70.07868115
1967,5,0.21,1509.457372,325,70.86549269
1967,6,0.02,1510.134335,324.09,73.38328962
1967,7,-0.02,1510.811298,322.54,73.69801424
1967,8,0.09,1511.488261,320.92,74.74709629
1967,9,-0.04,1512.165224,319.25,74.9044586
1967,10,0.12,1512.842188,319.39,75.27163732
1967,11,-0.04,1513.519151,320.73,75.58636193
1967,12,0.04,1514.196114,321.96,75.74372424
1968,1,-0.18,1514.873077,322.57,76.00599475
1968,2,-0.09,1515.55004,323.15,74.74709629
1968,3,0.18,1516.227003,323.89,71.59985013
1968,4,-0.04,1516.903966,325.02,68.977145
1968,5,-0.17,1517.580929,325.57,67.0363432
1968,6,-0.13,1518.257893,325.36,67.77070064
1968,7,-0.05,1518.934856,324.14,70.07868115
1968,8,-0.02,1519.611819,322.11,73.96028475
1968,9,-0.11,1520.288782,320.33,76.00599475
1968,10,0.04,1520.965745,320.25,77.89434245
1968,11,-0.05,1521.642708,321.32,78.05170476
1968,12,-0.07,1522.319671,322.89,77.15998501
1969,1,-0.08,1522.996635,324,77.99925066
1969,2,-0.11,1523.673598,324.42,77.26489322
1969,3,0.08,1524.350561,325.63,77.78943425
1969,4,0.11,1525.027524,326.66,77.15998501
1969,5,0.18,1525.704487,327.38,76.53053578
1969,6,0,1526.38145,326.71,76.26826527
1969,7,0.11,1527.058413,325.88,75.21918321
1969,8,0.1,1527.735377,323.66,76.37317347
1969,9,0.14,1528.41234,322.38,76.8977145
1969,10,0.1,1529.089303,321.78,77.63207194
1969,11,0.15,1529.766266,322.86,76.8977145
1969,12,0.32,1530.443229,324.12,76.11090296
1970,1,0.15,1531.120192,325.06,76.42562758
1970,2,0.21,1531.797155,325.98,77.05507681
1970,3,0.07,1532.474119,326.93,76.74035219
1970,4,0.08,1533.151082,328.13,75.21918321
1970,5,0.05,1533.828045,328.08,75.11427501
1970,6,0.05,1534.505008,327.67,75.27163732
1970,7,0.03,1535.181971,326.34,74.43237167
1970,8,0.03,1535.858934,324.69,74.79955039
1970,9,0.06,1536.535897,323.1,74.53727988
1970,10,-0.03,1537.212861,323.06,76.47808168
1970,11,0.04,1537.889824,324.01,76.53053578
1970,12,-0.1,1538.566787,325.13,77.31734732
1971,1,-0.02,1539.24375,326.17,78.47133758
1971,2,-0.15,1539.920713,326.68,80.14986886
1971,3,-0.09,1540.597676,327.17,80.67440989
1971,4,-0.09,1541.274639,327.79,80.30723117
1971,5,-0.03,1541.951603,328.93,78.31397527
1971,6,-0.07,1542.628566,328.57,77.00262271
1971,7,0,1543.305529,327.36,76.58298988
1971,8,-0.02,1543.982492,325.43,77.63207194
1971,9,0.01,1544.659455,323.36,79.41551143
1971,10,-0.07,1545.336418,323.56,79.20569502
1971,11,-0.05,1546.013381,324.8,77.94679655
1971,12,-0.05,1546.690345,326.01,77.05507681
1972,1,-0.24,1547.367308,326.77,78.9434245
1972,2,-0.16,1548.044271,327.63,81.46122143
1972,3,0.06,1548.721234,327.75,83.50693143
1972,4,0.05,1549.398197,329.72,83.87411015
1972,5,0.01,1550.07516,330.07,84.92319221
1972,6,0.08,1550.752123,329.09,86.18209067
1972,7,0.06,1551.429087,328.04,86.7590858
1972,8,0.09,1552.10605,326.32,84.66092169
1972,9,0.03,1552.783013,324.84,83.29711502
1972,10,0.12,1553.459976,325.2,82.14312477
1972,11,0.06,1554.136939,326.5,82.66766579
1972,12,0.14,1554.813902,327.55,81.82840015
1973,1,0.34,1555.490865,328.55,79.36305732
1973,2,0.38,1556.167829,329.56,79.15324091
1973,3,0.35,1556.844792,330.3,78.62869989
1973,4,0.28,1557.521755,331.5,80.14986886
1973,5,0.24,1558.198718,332.48,79.04833271
1973,6,0.25,1558.875681,332.07,79.62532784
1973,7,0.15,1559.552644,330.87,78.73360809
1973,8,0.13,1560.229607,329.31,78.73360809
1973,9,0.11,1560.906571,327.51,78.68115399
1973,10,0.06,1561.583534,327.18,80.20232297
1973,11,0.02,1562.260497,328.16,83.82165605
1973,12,0.05,1562.93746,328.64,86.33945298
1974,1,-0.08,1563.614423,329.35,88.6998876
1974,2,-0.24,1564.291386,330.71,88.12289247
1974,3,-0.01,1564.968349,331.48,87.54589734
1974,4,-0.06,1565.645313,332.65,87.65080555
1974,5,-0.02,1566.322276,333.18,87.49344324
1974,6,-0.05,1566.999239,332.2,87.17871862
1974,7,0.04,1567.676202,331.07,86.07718247
1974,8,0.05,1568.353165,329.15,85.18546272
1974,9,-0.02,1569.030128,327.33,84.7133758
1974,10,-0.06,1569.707091,327.28,84.29374297
1974,11,-0.09,1570.384054,328.31,84.92319221
1974,12,-0.06,1571.061018,329.58,85.34282503
1975,1,0.06,1571.737981,330.73,85.71000375
1975,2,0.08,1572.414944,331.46,86.18209067
1975,3,0.11,1573.091907,331.94,86.96890221
1975,4,0.11,1573.76887,333.11,86.28699888
1975,5,0.08,1574.445833,333.95,85.60509554
1975,6,0.06,1575.122796,333.42,84.50355939
1975,7,0.04,1575.79976,331.97,84.50355939
1975,8,-0.02,1576.476723,329.95,85.23791682
1975,9,0.04,1577.153686,328.5,85.60509554
1975,10,-0.12,1577.830649,328.36,85.91982016
1975,11,-0.17,1578.507612,329.38,86.02472836
1975,12,-0.1,1579.184575,330.76,84.8707381
1976,1,-0.01,1579.861538,331.56,84.7658299
1976,2,-0.08,1580.538502,332.74,83.29711502
1976,3,-0.13,1581.215465,333.36,83.97901836
1976,4,0.04,1581.892428,334.74,84.60846759
1976,5,-0.11,1582.569391,334.72,84.97564631
1976,6,-0.05,1583.246354,333.98,86.07718247
1976,7,-0.03,1583.923317,333.08,85.44773323
1976,8,0,1584.60028,330.68,84.45110528
1976,9,0.03,1585.277244,328.96,85.13300862
1976,10,-0.16,1585.954207,328.72,84.92319221
1976,11,-0.03,1586.63117,330.16,86.44436118
1976,12,0.12,1587.308133,331.62,86.54926939
1977,1,0.2,1587.985096,332.68,85.81491195
1977,2,0.22,1588.662059,333.17,84.39865118
1977,3,0.25,1589.339022,334.96,83.45447733
1977,4,0.28,1590.015986,336.14,82.30048707
1977,5,0.28,1590.692949,336.93,82.56275759
1977,6,0.26,1591.369912,336.17,82.8774822
1977,7,0.18,1592.046875,334.89,83.40202323
1977,8,0.16,1592.723838,332.56,83.76920195
1977,9,0.2,1593.400801,331.29,84.29374297
1977,10,0.12,1594.077764,331.28,84.66092169
1977,11,0.23,1594.754728,332.46,85.76245785
1977,12,0.11,1595.431691,333.6,87.17871862
1978,1,0.15,1596.108654,334.94,88.54252529
1978,2,0.15,1596.785617,335.26,90.48332709
1978,3,0.22,1597.46258,336.66,89.95878606
1978,4,0.14,1598.139543,337.69,89.80142375
1978,5,0.1,1598.816506,338.02,87.86062196
1978,6,0.05,1599.49347,338.01,87.07381042
1978,7,0.06,1600.170433,336.5,86.33945298
1978,8,0,1600.847396,334.42,87.17871862
1978,9,0.1,1601.524359,332.36,87.33608093
1978,10,0.07,1602.201322,332.45,87.49344324
1978,11,0.2,1602.878285,333.76,85.13300862
1978,12,0.12,1603.555248,334.91,83.55938554
1979,1,0.14,1604.232212,336.14,82.09067066
1979,2,-0.06,1604.909175,336.69,82.66766579
1979,3,0.2,1605.586138,338.27,83.24466092
1979,4,0.1,1606.263101,338.82,83.08729861
1979,5,0.17,1606.940064,339.24,82.35294118
1979,6,0.23,1607.617027,339.26,82.56275759
1979,7,0.23,1608.29399,337.54,83.82165605
1979,8,0.25,1608.970954,335.72,86.33945298
1979,9,0.28,1609.647917,333.97,87.70325965
1979,10,0.31,1610.32488,334.24,88.96215811
1979,11,0.31,1611.001843,335.32,87.75571375
1979,12,0.5,1611.678806,336.81,88.90970401
1980,1,0.35,1612.355769,337.9,88.8047958
1980,2,0.43,1613.032732,338.34,89.38179093
1980,3,0.32,1613.709696,340.07,88.33270888
1980,4,0.33,1614.386659,340.93,88.49007119
1980,5,0.38,1615.063622,341.45,88.33270888
1980,6,0.28,1615.740585,341.36,88.01798426
1980,7,0.27,1616.417548,339.45,86.7066317
1980,8,0.22,1617.094511,337.67,85.76245785
1980,9,0.2,1617.771474,336.25,85.76245785
1980,10,0.2,1618.448438,336.14,86.7066317
1980,11,0.27,1619.125401,337.3,89.43424504
1980,12,0.23,1619.802364,338.29,91.58486324
1981,1,0.55,1620.479327,339.29,92.6863994
1981,2,0.43,1621.15629,340.55,93.21094043
1981,3,0.45,1621.833253,341.63,94.15511428
1981,4,0.38,1622.510216,342.6,94.6796553
1981,5,0.31,1623.187179,343.04,95.36155864
1981,6,0.34,1623.864143,342.54,95.62382915
1981,7,0.27,1624.541106,340.82,94.7321094
1981,8,0.26,1625.218069,338.48,95.15174223
1981,9,0.23,1625.895032,336.95,94.6272012
1981,10,0.25,1626.571995,337.05,95.72873735
1981,11,0.31,1627.248958,338.58,95.25665043
1981,12,0.45,1627.925921,339.91,94.46983889
1982,1,0.11,1628.602885,340.93,92.47658299
1982,2,0.21,1629.279848,341.76,91.89958786
1982,3,0.12,1629.956811,342.77,91.21768453
1982,4,0.21,1630.633774,343.96,89.90633196
1982,5,0.18,1631.310737,344.77,89.69651555
1982,6,0.16,1631.9877,343.88,89.06706632
1982,7,0.19,1632.664663,342.42,88.49007119
1982,8,0.15,1633.341627,340.24,89.22442862
1982,9,0.23,1634.01859,338.38,91.37504683
1982,10,0.18,1634.695553,338.41,94.31247658
1982,11,0.13,1635.372516,339.44,95.67628325
1982,12,0.41,1636.049479,340.78,95.93855377
1983,1,0.51,1636.726442,341.57,96.88272761
1983,2,0.46,1637.403405,342.79,96.51554889
1983,3,0.44,1638.080369,343.37,97.35481454
1983,4,0.25,1638.757332,345.39,99.03334582
1983,5,0.29,1639.434295,346.14,100.7118771
1983,6,0.31,1640.111258,345.76,99.92506557
1983,7,0.31,1634.93,344.32,97.72199326
1983,8,0.36,1635.5,342.51,93.68302735
1983,9,0.34,1636.12,340.46,93.26339453
1983,10,0.23,1636.8,340.53,91.68977145
1983,11,0.37,1637.54,341.79,93.21094043
1983,12,0.27,1638.34,343.2,92.10940427
1984,1,0.31,1639.24,344.21,92.84376171
1984,2,0.22,1640.15,344.92,93.47321094
1984,3,0.28,1641.1,345.68,95.20419633
1984,4,0.13,1642.16,347.38,95.62382915
1984,5,0.32,1643.24,347.78,96.14837018
1984,6,0.17,1644.34,347.16,97.30236043
1984,7,0.16,1645.47,345.79,97.09254402
1984,8,0.19,1646.62,343.74,97.82690146
1984,9,0.2,1647.75,341.59,96.6729112
1984,10,0.2,1648.87,341.86,96.20082428
1984,11,0.11,1649.97,343.31,94.46983889
1984,12,0.06,1651.06,345,93.42075684
1985,1,0.29,1652.15,345.48,91.32259273
1985,2,0.08,1653.16,346.41,91.79467966
1985,3,0.25,1654.16,347.91,90.6406894
1985,4,0.12,1655.18,348.66,90.6406894
1985,5,0.22,1656.18,349.28,89.69651555
1985,6,0.16,1657.18,348.65,89.90633196
1985,7,0.1,1658.18,346.9,89.59160734
1985,8,0.15,1659.2,345.26,88.6998876
1985,9,0.16,1660.21,343.47,89.11952042
1985,10,0.16,1661.23,343.35,89.48669914
1985,11,0.14,1662.25,344.73,90.22105658
1985,12,0.17,1663.28,346.12,90.37841888
1986,1,0.23,1664.34,346.78,91.11277632
1986,2,0.39,1665.36,347.48,91.68977145
1986,3,0.33,1666.38,348.25,91.37504683
1986,4,0.27,1667.44,349.86,91.27013863
1986,5,0.35,1668.52,350.52,90.58823529
1986,6,0.22,1669.59,349.98,91.00786812
1986,7,0.13,1670.67,348.25,89.80142375
1986,8,0.15,1671.78,346.17,90.22105658
1986,9,0.03,1672.87,345.48,89.69651555
1986,10,0.18,1673.96,344.82,89.48669914
1986,11,0.13,1675.06,346.22,89.27688273
1986,12,0.17,1676.15,347.49,89.90633196
1987,1,0.3,1677.25,348.73,90.90295991
1987,2,0.36,1678.29,348.92,92.31922068
1987,3,0.15,1679.32,349.81,91.11277632
1987,4,0.21,1680.37,351.4,90.27351068
1987,5,0.33,1681.38,352.15,91.06032222
1987,6,0.4,1682.38,351.58,91.89958786
1987,7,0.46,1683.34,350.21,92.47658299
1987,8,0.34,1684.28,348.2,89.69651555
1987,9,0.39,1685.18,346.66,88.7523417
1987,10,0.34,1686.05,346.72,88.01798426
1987,11,0.26,1686.9,348.08,90.43087299
1987,12,0.48,1687.72,349.28,92.26676658
1988,1,0.53,1688.56,350.51,92.00449607
1988,2,0.46,1689.33,351.7,92.6863994
1988,3,0.46,1690.11,352.5,91.58486324
1988,4,0.46,1690.94,353.67,92.47658299
1988,5,0.48,1691.77,354.35,92.52903709
1988,6,0.41,1692.62,353.88,93.31584863
1988,7,0.38,1693.5,352.8,93.42075684
1988,8,0.5,1694.42,350.49,94.26002248
1988,9,0.41,1695.35,348.97,95.04683402
1988,10,0.4,1696.31,349.37,95.41401274
1988,11,0.16,1697.3,350.42,94.20756838
1988,12,0.32,1698.3,351.62,91.84713376
1989,1,0.12,1699.33,353.07,91.84713376
1989,2,0.33,1700.32,353.43,92.5814912
1989,3,0.36,1701.32,354.08,95.51892094
1989,4,0.4,1702.33,355.72,95.93855377
1989,5,0.24,1703.34,355.95,96.20082428
1989,6,0.1,1704.32,355.44,95.20419633
1989,7,0.33,1705.28,354.05,95.36155864
1989,8,0.32,1706.23,351.84,96.25327838
1989,9,0.4,1707.13,350.09,96.93518172
1989,10,0.35,1708,350.33,97.09254402
1989,11,0.19,1708.83,351.55,97.35481454
1989,12,0.4,1709.62,352.91,96.46309479
1990,1,0.4,1710.4,353.86,96.6729112
1990,2,0.38,1711.1,355.1,95.41401274
1990,3,0.78,1711.78,355.75,94.46983889
1990,4,0.61,1712.45,356.38,94.7321094
1990,5,0.5,1713.11,357.38,94.6272012
1990,6,0.42,1713.77,356.39,96.77781941
1990,7,0.35,1714.42,354.89,96.6729112
1990,8,0.38,1715.11,353.06,98.24653428
1990,9,0.3,1715.81,351.38,98.35144249
1990,10,0.41,1716.55,351.69,98.77107531
1990,11,0.42,1717.35,353.14,99.03334582
1990,12,0.41,1718.21,354.41,97.61708505
1991,1,0.42,1719.16,354.93,98.35144249
1991,2,0.52,1720.15,355.82,98.71862121
1991,3,0.38,1721.2,357.33,99.40052454
1991,4,0.58,1722.37,358.77,97.51217685
1991,5,0.43,1723.6,359.23,96.25327838
1991,6,0.56,1724.88,358.23,96.04346197
1991,7,0.41,1726.19,356.3,97.30236043
1991,8,0.37,1727.52,353.97,98.6661671
1991,9,0.39,1728.81,352.34,98.77107531
1991,10,0.33,1730.05,352.43,98.92843762
1991,11,0.31,1731.2,353.89,98.87598351
1991,12,0.32,1732.25,355.21,98.29898839
1992,1,0.44,1733.2,356.34,99.40052454
1992,2,0.42,1733.95,357.21,99.92506557
1992,3,0.46,1734.56,357.97,99.19070813
1992,4,0.23,1735.04,359.22,98.40389659
1992,5,0.37,1735.37,359.71,97.09254402
1992,6,0.28,1735.56,359.44,97.30236043
1992,7,0.13,1735.63,357.15,96.93518172
1992,8,0.11,1735.61,354.99,97.09254402
1992,9,0.06,1735.53,353.01,97.93180967
1992,10,0.02,1735.41,353.41,99.66279505
1992,11,0.05,1735.28,354.42,99.45297864
1992,12,0.22,1735.17,355.68,98.87598351
1993,1,0.34,1735.1,357.1,98.19408018
1993,2,0.39,1735.09,357.42,98.77107531
1993,3,0.38,1735.15,358.59,100.0824279
1993,4,0.36,1735.29,359.39,101.1315099
1993,5,0.31,1735.51,360.3,101.2888722
1993,6,0.32,1735.8,359.64,99.03334582
1993,7,0.31,1736.16,357.45,97.09254402
1993,8,0.11,1736.6,355.76,95.51892094
1993,9,0.21,1737.07,354.14,93.99775197
1993,10,0.22,1737.59,354.23,94.6272012
1993,11,0.1,1738.13,355.53,94.05020607
1993,12,0.18,1738.7,357.03,96.46309479
1994,1,0.21,1739.28,358.36,98.5612589
1994,2,0.06,1739.85,359.04,98.87598351
1994,3,0.3,1740.43,360.11,99.92506557
1994,4,0.41,1741.03,361.36,99.45297864
1994,5,0.32,1741.64,361.78,100.659423
1994,6,0.43,1742.26,360.94,100.134882
1994,7,0.32,1742.88,359.51,101.4986886
1994,8,0.26,1743.51,357.59,101.1315099
1994,9,0.27,1744.13,355.86,100.9741476
1994,10,0.45,1744.75,356.21,100.7643312
1994,11,0.42,1745.36,357.65,99.87261146
1994,12,0.4,1745.96,359.1,100.8692394
1995,1,0.55,1746.53,360.04,101.2888722
1995,2,0.77,1747.05,361,101.8658674
1995,3,0.49,1747.53,361.98,102.2330461
1995,4,0.51,1747.97,363.44,101.2888722
1995,5,0.32,1748.37,363.83,100.8167853
1995,6,0.49,1748.72,363.33,100.2397902
1995,7,0.44,1749.02,361.78,100.9216935
1995,8,0.5,1749.28,359.33,100.6069689
1995,9,0.44,1749.49,358.32,101.2888722
1995,10,0.44,1749.68,358.14,102.0756838
1995,11,0.48,1749.84,359.61,103.3345822
1995,12,0.32,1750,360.82,105.3278381
1996,1,0.28,1750.15,362.2,105.275384
1996,2,0.49,1750.3,363.36,105.2229299
1996,3,0.37,1750.47,364.28,102.6002248
1996,4,0.37,1750.65,364.69,101.183964
1996,5,0.34,1750.84,365.25,100.7118771
1996,6,0.37,1751.05,365.06,100.5020607
1996,7,0.35,1751.27,363.69,103.5968528
1996,8,0.44,1751.51,361.55,104.9606594
1996,9,0.27,1751.74,359.69,107.6358187
1996,10,0.17,1751.97,359.72,106.272012
1996,11,0.44,1752.21,361.04,105.1704758
1996,12,0.38,1752.44,362.39,104.226302
1997,1,0.3,1752.68,363.24,105.4327463
1997,2,0.4,1752.92,364.21,106.8490071
1997,3,0.51,1753.18,364.65,108.7373548
1997,4,0.4,1753.48,366.48,108.8947171
1997,5,0.41,1753.82,366.77,108.6849007
1997,6,0.57,1754.22,365.73,108.4226302
1997,7,0.42,1754.69,364.46,106.0097415
1997,8,0.46,1755.25,362.4,106.0621956
1997,9,0.6,1755.9,360.44,105.6425628
1997,10,0.68,1756.64,360.98,108.3701761
1997,11,0.65,1757.48,362.65,108.317722
1997,12,0.59,1758.41,364.51,109.3143499
1998,1,0.58,1759.45,365.39,107.4784564
1998,2,0.83,1760.5,366.1,105.3802922
1998,3,0.68,1761.61,367.36,102.8100412
1998,4,0.7,1762.78,368.79,100.5020607
1998,5,0.69,1763.96,369.56,100.1873361
1998,6,0.76,1765.13,369.13,100.5545148
1998,7,0.69,1766.25,367.98,101.7609592
1998,8,0.69,1767.34,366.1,102.0756838
1998,9,0.48,1768.33,364.16,102.8624953
1998,10,0.43,1769.23,364.54,101.9707756
1998,11,0.44,1770.02,365.67,101.4462345
1998,12,0.58,1770.71,367.3,101.4462345
1999,1,0.49,1771.31,368.35,103.3345822
1999,2,0.63,1771.78,369.28,105.0655676
1999,3,0.39,1772.16,369.84,107.6358187
1999,4,0.37,1772.47,371.15,107.2161858
1999,5,0.33,1772.72,371.12,108.2652679
1999,6,0.39,1772.91,370.46,107.9505433
1999,7,0.41,1773.05,369.61,108.9471712
1999,8,0.34,1773.16,367.06,108.6849007
1999,9,0.47,1773.25,364.95,108.4226302
1999,10,0.37,1773.31,365.52,107.4260022
1999,11,0.39,1773.36,366.88,105.275384
1999,12,0.49,1773.4,368.26,104.1213938
2000,1,0.34,1773.42,369.45,103.4919445
2000,2,0.56,1773.42,369.71,104.9082053
2000,3,0.59,1773.41,370.75,106.9539153
2000,4,0.62,1773.36,371.98,108.4226302
2000,5,0.4,1773.29,371.75,110.5207943
2000,6,0.37,1773.19,371.87,110.363432
2000,7,0.41,1773.06,370.02,110.9928812
2000,8,0.47,1772.89,368.27,108.5275384
2000,9,0.44,1772.71,367.15,107.2686399
2000,10,0.33,1772.51,367.18,105.5376546
2000,11,0.33,1772.29,368.53,106.1146497
2000,12,0.3,1772.07,369.83,107.1637317
2001,1,0.44,1771.86,370.76,109.2618958
2001,2,0.46,1771.66,371.69,109.4717123
2001,3,0.57,1771.48,372.63,110.9404271
2001,4,0.55,1771.32,373.55,109.7864369
2001,5,0.58,1771.2,374.03,110.0487074
2001,6,0.55,1771.1,373.4,110.2585238
2001,7,0.63,1771.04,371.68,110.9928812
2001,8,0.48,1771.01,369.78,112.409142
2001,9,0.57,1771.02,368.34,112.4615961
2001,10,0.47,1771.05,368.61,111.2551517
2001,11,0.71,1771.11,369.94,109.6290746
2001,12,0.63,1771.19,371.42,108.3701761
2002,1,0.68,1771.29,372.7,108.8947171
2002,2,0.7,1771.41,373.37,109.5241664
2002,3,0.85,1771.55,374.3,110.363432
2002,4,0.56,1771.71,375.19,109.838891
2002,5,0.67,1771.89,375.93,110.6781566
2002,6,0.54,1772.1,375.69,112.0944174
2002,7,0.59,1772.35,374.16,112.1993256
2002,8,0.52,1772.64,372.03,111.7272387
2002,9,0.66,1772.97,370.92,112.5140502
2002,10,0.57,1773.34,370.73,113.2484076
2002,11,0.62,1773.76,372.43,114.7171225
2002,12,0.51,1774.23,373.98,114.0352192
2003,1,0.71,1774.74,375.07,113.4582241
2003,2,0.57,1775.27,375.82,112.6189584
2003,3,0.61,1775.82,376.64,112.1468715
2003,4,0.6,1776.39,377.92,114.3499438
2003,5,0.64,1776.97,378.78,115.6088423
2003,6,0.53,1777.51,378.46,117.7594605
2003,7,0.6,1778.02,376.88,117.7594605
2003,8,0.59,1778.47,374.57,119.0183589
2003,9,0.66,1778.84,373.34,119.6478082
2003,10,0.77,1779.11,373.31,120.0149869
2003,11,0.56,1779.28,374.84,118.2840015
2003,12,0.75,1779.33,376.17,117.3922818
2004,1,0.58,1779.26,377.17,115.8186587
2004,2,0.67,1779.08,378.05,114.2974897
2004,3,0.66,1778.81,379.06,114.5597602
2004,4,0.65,1778.43,380.54,115.0843012
2004,5,0.42,1777.97,380.8,117.3398277
2004,6,0.47,1777.47,379.87,118.546272
2004,7,0.32,1776.93,377.65,117.9692769
2004,8,0.44,1776.39,376.17,118.5987261
2004,9,0.52,1775.86,374.43,117.025103
2004,10,0.61,1775.38,374.63,116.3431997
2004,11,0.72,1774.96,376.33,114.8744848
2004,12,0.5,1774.62,377.68,114.9269389
2005,1,0.74,1774.35,378.63,115.976021
2005,2,0.62,1774.17,379.91,116.2907456
2005,3,0.76,1774.08,380.95,115.7662046
2005,4,0.7,1774.06,382.48,115.8711128
2005,5,0.7,1774.1,382.64,116.6579243
2005,6,0.67,1774.18,382.4,117.7594605
2005,7,0.66,1774.3,380.93,118.1266392
2005,8,0.59,1774.43,378.93,117.6020982
2005,9,0.73,1774.55,376.89,115.976021
2005,10,0.75,1774.66,377.18,115.6612964
2005,11,0.78,1774.73,378.54,114.979393
2005,12,0.74,1774.78,380.31,115.3990259
2006,1,0.63,1774.79,381.58,115.2416635
2006,2,0.81,1774.78,382.4,116.6054702
2006,3,0.67,1774.75,382.86,119.3330836
2006,4,0.52,1774.72,384.8,120.2248033
2006,5,0.52,1774.71,385.22,119.5429
2006,6,0.66,1774.73,384.24,118.1790933
2006,7,0.55,1774.81,382.65,117.9168228
2006,8,0.73,1774.96,380.6,118.9134507
2006,9,0.69,1775.19,379.04,119.5953541
2006,10,0.68,1775.51,379.33,120.1723492
2006,11,0.72,1775.92,380.35,119.9625328
2006,12,0.78,1776.42,382.02,117.2873735
2007,1,0.94,1777,383.1,115.45148
2007,2,0.73,1777.62,384.12,113.2484076
2007,3,0.69,1778.29,384.81,114.7695766
2007,4,0.81,1779.02,386.73,116.8677407
2007,5,0.65,1779.75,386.78,120.6444361
2007,6,0.57,1780.49,386.33,122.5327838
2007,7,0.59,1781.21,384.73,123.2671413
2007,8,0.58,1781.9,382.24,123.2671413
2007,9,0.61,1782.55,381.2,121.9033346
2007,10,0.61,1783.17,381.37,121.1689771
2007,11,0.58,1783.74,382.7,121.3263395
2007,12,0.52,1784.28,384.19,120.591982
2008,1,0.29,1784.81,385.78,121.1689771
2008,2,0.35,1785.3,386.06,120.9591607
2008,3,0.74,1785.78,386.28,124.3162233
2008,4,0.52,1786.29,387.34,126.3094792
2008,5,0.52,1786.8,388.78,128.3027351
2008,6,0.52,1787.34,387.99,128.3027351
2008,7,0.56,1787.88,386.61,127.8831023
2008,8,0.47,1788.46,384.32,125.6275759
2008,9,0.62,1789.04,383.41,123.4769577
2008,10,0.69,1789.62,383.21,121.3263395
2008,11,0.71,1790.21,384.41,121.3263395
2008,12,0.57,1790.78,385.79,120.9067066
2009,1,0.66,1791.33,387.17,121.6935182
2009,2,0.52,1791.84,387.7,121.3263395
2009,3,0.54,1792.32,389.04,122.4803297
2009,4,0.59,1792.77,389.76,123.1097789
2009,5,0.61,1793.19,390.36,125.9423005
2009,6,0.63,1793.58,389.7,128.0404646
2009,7,0.72,1793.94,388.24,129.6665418
2009,8,0.7,1794.28,386.29,129.77145
2009,9,0.73,1794.61,384.95,130.1386287
2009,10,0.69,1794.93,384.64,130.295991
2009,11,0.82,1795.25,386.23,131.1877108
2009,12,0.7,1795.59,387.63,132.866242
2010,1,0.75,1795.95,388.91,132.2367928
2010,2,0.83,1796.31,390.41,132.2367928
2010,3,0.9,1796.68,391.37,129.9288123
2010,4,0.89,1797.1,392.67,130.8729861
2010,5,0.78,1797.53,393.21,129.1420007
2010,6,0.7,1797.97,392.38,129.1944549
2010,7,0.65,1798.43,390.41,128.774822
2010,8,0.66,1798.9,388.54,129.9812664
2010,9,0.62,1799.37,387.03,130.9778943
2010,10,0.68,1799.83,387.43,132.8137879
2010,11,0.79,1800.29,388.87,134.0726864
2010,12,0.52,1800.74,389.99,134.9644061
2011,1,0.56,1801.18,391.5,133.7055077
2011,2,0.51,1801.6,392.05,132.7088797
2011,3,0.68,1802,392.8,132.0269764
2011,4,0.65,1802.42,393.44,133.8104159
2011,5,0.56,1802.82,394.41,134.8594979
2011,6,0.63,1803.22,393.95,135.1742226
2011,7,0.72,1803.62,392.72,134.5972274
2011,8,0.7,1804.03,390.33,133.1285126
2011,9,0.6,1804.43,389.28,131.9220682
2011,10,0.71,1804.84,389.19,129.6140877
2011,11,0.6,1805.25,390.48,127.5683777
2011,12,0.61,1805.67,392.06,125.8373923
2012,1,0.48,1806.11,393.31,127.4634695
2012,2,0.54,1806.53,394.04,130.2435369
2012,3,0.55,1806.96,394.59,134.8070438
2012,4,0.75,1807.41,396.38,138.9509179
2012,5,0.76,1807.85,396.93,139.7901836
2012,6,0.67,1808.29,395.91,140
2012,7,0.64,1808.72,394.56,137.7444736
2012,8,0.65,1809.15,392.59,138.1116523
2012,9,0.76,1809.56,391.32,138.0067441
2012,10,0.79,1809.96,391.27,139.1607344
2012,11,0.8,1810.33,393.2,138.4263769
2012,12,0.56,1810.69,394.57,137.5346572
2013,1,0.7,1811.03,395.78,133.7579618
2013,2,0.62,1811.35,397.03,131.2401649
2013,3,0.68,1811.67,397.66,131.9220682
2013,4,0.57,1811.99,398.64,133.3907831
2013,5,0.67,1812.34,400.02,134.5447733
2013,6,0.67,1812.7,398.81,134.2825028
2013,7,0.61,1813.11,397.51,134.1251405
2013,8,0.7,1813.57,395.39,134.3349569
2013,9,0.77,1814.09,393.72,132.866242
2013,10,0.68,1814.68,393.9,131.6073436
2013,11,0.81,1815.35,395.36,128.0929187
2013,12,0.72,1816.1,397.03,127.4634695
2014,1,0.75,1816.95,398.04,143.6804811
2014,2,0.57,1817.84,398.27,140.9406918
2014,3,0.82,1818.79,399.91,132.0034113
2014,4,0.84,1819.83,401.51,132.9703957
2014,5,0.87,1820.93,401.96,138.2888102
2014,6,0.72,1822.06,401.43,142.259307
2014,7,0.62,1823.2,399.27,150.8303056
2014,8,0.83,1824.37,397.18,148.7205213
2014,9,0.87,1825.51,395.54,155.0059203
2014,10,0.82,1826.63,396.16,143.5339683
2014,11,0.68,1827.72,397.4,150.2149518
2014,12,0.79,1828.77,399.08,151.4310081
2015,1,0.82,1829.79,400.18,155.5773202
2015,2,0.9,1830.73,400.55,149.4823879
2015,3,0.97,1831.62,401.74,149.8340186
2015,4,0.81,1832.52,403.34,149.540993
2015,5,0.83,1833.38,404.15,157.5698942
2015,6,0.87,1834.21,402.97,162.536678
2015,7,0.76,1835.03,401.46,172.3237328
2015,8,0.83,1835.84,399.11,171.9281482
2015,9,0.9,1836.63,397.82,176.9242346
2015,10,1.1,1837.4,398.49,171.8255893
2015,11,1.06,1838.17,400.27,160.3389861
2015,12,1.13,1838.91,402.06,169.1737077
2016,1,1.22,1839.67,402.73,163.9432009
2016,2,1.34,1840.36,404.25,167.1664824
2016,3,1.35,1841.03,405.06,156.6029098
2016,4,1.15,1841.7,407.6,155.7384843
2016,5,1,1842.34,407.9,158.082689
2016,6,0.84,1842.94,406.99,155.9289509
2016,7,0.86,1843.52,404.59,164.2801803
2016,8,0.97,1844.08,402.45,162.9762164
2016,9,0.92,1844.6,401.23,167.7525336
2016,10,0.88,1845.11,401.79,172.6167584
2016,11,0.94,1845.6,403.72,160.8517809
2016,12,0.9,1846.08,404.64,156.5589559
2017,1,1.05,1846.57,406.36,157.4380327
2017,2,1.11,1847.03,406.66,159.3133965
2017,3,1.18,1847.51,407.54,156.8959354
2017,4,0.98,1848.01,409.22,150.9914697
2017,5,0.91,1848.54,409.89,156.983843
2017,6,0.77,1849.08,409.08,167.4155541
2017,7,0.83,1849.65,407.33,170.8879074
2017,8,0.89,1850.25,405.32,169.8476665
2017,9,0.83,1850.87,403.57,172.2065226
2017,10,0.92,1851.51,403.82,175.6788758
2017,11,0.91,1852.17,405.31,166.1848466
2017,12,0.99,1852.85,407,165.9357749
2018,1,0.83,1853.57,408.15,158.9617658
2018,2,0.89,1854.26,408.52,161.0862013
2018,3,0.93,1854.97,409.59,159.9287502
2018,4,0.89,1855.71,410.45,160.5880578
2018,5,0.81,1856.45,411.44,160.9396885
2018,6,0.76,1857.2,410.99,169.5839435
2018,7,0.8,1857.94,408.9,171.6790765
2018,8,0.76,1858.7,407.16,179.5028598
2018,9,0.82,1859.44,405.71,183.7224283
2018,10,1.05,1860.17,406.19,172.4702456
2018,11,0.84,1860.89,408.21,171.2541894
2018,12,0.93,1861.6,409.27,172.6021071
2019,1,0.91,1862.32,411.03,171.6644252
2019,2,0.92,1863,411.96,172.1039636
2019,3,1.16,1863.69,412.18,173.1295532
2019,4,1.03,1864.4,413.54,170.6681382
2019,5,0.91,1865.13,414.86,174.1258402
2019,6,0.91,1865.88,414.15,177.8179627
2019,7,0.91,1866.65,411.96,190.0517811
2019,8,0.92,1867.47,410.17,191.2092322
2019,9,0.97,1868.32,408.76,185.2901153
2019,10,1.01,1869.2,408.74,188.0445558
2019,11,0.99,1870.14,410.47,179.356347
2019,12,1.1,1871.12,411.97,175.3565477
2020,1,1.13,1872.18,413.59,174.7558452
2020,2,1.2,1873.22,414.32,174.8730555
2020,3,1.16,1874.31,414.71,176.3088809
2020,4,1.13,1875.49,416.42,174.7704965
2020,5,0.99,1876.69,417.28,174.1111889
2020,6,0.93,1877.93,416.58,179.7372803
2020,7,0.91,1879.21,414.58,184.909182
2020,8,0.9,1880.54,412.75,188.2496737
2020,9,0.98,1881.88,411.49,187.3852482
2020,10,0.91,1883.25,411.48,183.3121925
2020,11,1.05,1884.64,413.1,182.0668337
2020,12,0.84,1886.06,414.23,184.6308077
2021,1,0.83,1887.53,415.49,176.0158553
2021,2,0.66,1888.95,416.72,183.1510284
2021,3,0.88,1890.39,417.61,178.9754137
2021,4,0.79,1891.9,419.01,179.7079777
2021,5,0.81,1893.42,419.09,179.4442547
2021,6,0.86,1894.95,418.92,187.3119918
2021,7,0.92,1896.48,416.9,190.6085298
2021,8,0.84,1898.03,414.42,195.3994982
2021,9,0.92,1899.54,413.26,198.901154
2021,10,0.99,1901.03,413.9,191.2238835
2021,11,0.95,1902.48,414.97,187.1801303
2021,12,0.87,1903.9,416.67,190.0810837
2022,1,0.93,1905.3,418.13,181.7591569
2022,2,0.91,1906.58,419.24,183.0338182
2022,3,1.11,1907.83,418.76,184.279177
2022,4,0.9,1909.07,420.19,177.4516807
2022,5,0.86,1910.27,420.97,186.4036125
2022,6,0.89,1911.43,420.94,187.2240842
2022,7,0.89,1912.56,418.85,198.73999
2022,8,0.93,1913.69,417.15,200
2022,9,0.9,1914.78,415.91,198.1539388
2022,10,0.96,1915.87,415.74,189.993176
2022,11,0.75,1916.95,417.47,199.7802308
2022,12,0.84,1918.04,418.99,192.9527345
2023,1,0.87,1919.15,419.48,190.9308579
2023,2,1.01,1920.21,420.3,191.3117912
2023,3,1.23,1921.26,420.98,189.0115403
2023,4,0.97,1922.35,423.36,190
2023,5,0.95,1923.43,424,200
2023,6,1.06,1924.48,423.68,201
2023,7,1.13,1916.1,421.83,212
2023,8,1.22,1920.08,419.68,214
2023,9,1.44,1921.18,418.51,212
2023,10,1.5,1922.29,418.3,203
2023,11,1.42,1923.32,420,213
2023,12,1.53,1925.79,421.55,206
